O_score,C_score,E_score,A_score,N_score,Numerical Aptitude,Spatial Aptitude,Perceptual Aptitude,Abstract Reasoning,Verbal Reasoning,Career
7.58,5.07,6.2,5.87,4.47,9.0,6.44,5.14,8.59,7.86,Software Engineer
7.99,5.78,7.14,4.16,5.03,8.83,7.04,6.46,9.04,4.22,Software Engineer
8.51,6.43,4.68,5.78,3.64,9.29,6.57,7.08,9.08,5.13,Software Engineer
8.74,8.78,4.74,6.74,3.41,9.64,4.69,6.07,8.85,7.95,Software Engineer
5.49,6.25,4.49,6.02,3.73,9.83,6.79,6.76,9.77,5.09,Software Engineer
8.31,8.49,7.65,5.86,3.1,8.59,6.29,5.19,9.82,7.46,Software Engineer
6.68,7.93,7.55,5.37,3.47,9.77,4.93,6.23,9.6,4.6,Software Engineer
6.05,6.65,4.47,4.68,5.04,8.66,7.45,5.13,9.27,5.73,Software Engineer
8.18,6.38,6.01,4.98,3.18,8.66,4.06,5.21,9.82,5.16,Software Engineer
8.99,6.97,5.47,4.99,3.53,9.45,6.25,5.21,8.17,4.7,Software Engineer
8.1,7.07,6.16,6.72,4.41,9.62,7.78,7.38,9.37,6.62,Data Scientist
8.51,8.78,4.94,4.82,5.06,9.41,4.57,4.91,9.05,7.68,Data Scientist
8.32,6.29,7.6,6.85,3.9,9.09,4.76,4.43,9.56,7.58,Data Scientist
6.56,7.57,6.84,7.24,4.22,9.01,5.99,7.16,8.32,6.36,Data Scientist
7.62,6.43,5.12,5.32,5.14,9.38,4.52,5.72,8.9,4.19,Data Scientist
5.72,8.45,6.46,5.24,4.95,8.87,6.84,5.83,8.93,7.77,Data Scientist
7.13,6.3,4.87,7.49,5.14,8.96,5.13,5.69,9.9,4.76,Data Scientist
8.45,8.56,6.8,7.54,3.66,8.71,4.56,4.74,9.26,6.07,Data Scientist
7.61,6.05,7.55,4.51,5.26,8.56,7.29,5.07,9.82,6.68,Data Scientist
8.8,6.2,6.33,5.25,3.04,9.67,6.15,6.54,9.32,7.3,Data Scientist
5.93,8.88,6.25,7.33,3.82,4.72,7.18,7.45,8.2,6.7,Cybersecurity Analyst
6.58,6.86,6.79,6.24,5.97,4.43,5.4,6.53,5.24,4.53,Cybersecurity Analyst
7.48,7.47,7.9,6.91,3.58,5.27,7.8,7.22,5.41,5.66,Cybersecurity Analyst
8.66,5.13,5.36,5.29,3.44,7.89,7.31,5.38,5.72,7.54,Cybersecurity Analyst
8.61,8.03,7.18,4.03,3.53,6.69,6.3,7.31,6.95,5.28,Cybersecurity Analyst
5.68,8.4,7.63,7.0,3.71,4.43,7.5,4.44,5.29,7.81,Cybersecurity Analyst
8.74,8.09,7.3,7.04,3.81,7.95,4.25,5.46,8.12,4.6,Cybersecurity Analyst
7.8,8.58,4.0,6.74,3.9,6.82,7.79,7.49,5.46,5.58,Cybersecurity Analyst
7.8,8.95,7.36,7.87,5.13,7.08,7.45,4.18,5.39,6.93,Cybersecurity Analyst
7.99,5.37,6.32,4.05,4.8,7.37,4.19,5.21,7.89,7.34,Cybersecurity Analyst
7.83,8.49,4.36,7.3,4.2,9.67,4.01,5.21,9.8,4.88,AI Researcher
6.54,5.56,6.63,6.57,4.6,9.61,6.27,4.18,9.34,7.51,AI Researcher
6.74,5.89,6.2,5.26,4.52,9.05,7.23,7.58,9.86,6.93,AI Researcher
7.01,8.37,6.95,5.39,3.85,9.54,4.79,6.67,9.38,4.18,AI Researcher
8.01,8.13,4.73,7.56,5.9,9.4,4.46,4.22,8.16,7.13,AI Researcher
6.84,6.27,4.39,4.53,4.11,9.31,5.69,7.7,8.96,4.4,AI Researcher
5.37,8.81,7.02,6.07,3.03,8.62,4.2,4.72,9.61,7.02,AI Researcher
5.35,8.49,7.91,7.12,4.69,8.54,7.9,5.56,8.16,7.08,AI Researcher
5.97,7.93,5.66,4.84,3.54,9.36,5.8,5.27,8.06,4.16,AI Researcher
7.85,7.25,6.82,4.51,5.87,9.85,4.72,5.16,9.42,7.75,AI Researcher
8.54,6.67,7.23,7.82,5.76,9.85,7.93,4.92,9.56,5.98,Cloud Architect
7.16,6.68,6.16,4.49,5.02,9.18,4.11,6.24,8.65,7.03,Cloud Architect
8.18,7.46,5.13,5.87,4.83,8.89,6.03,5.76,9.25,4.87,Cloud Architect
7.62,7.78,7.81,7.95,3.0,9.32,5.37,5.8,8.41,4.84,Cloud Architect
7.17,6.26,6.25,6.15,5.38,8.82,4.48,7.4,9.82,6.48,Cloud Architect
6.76,7.58,6.66,5.24,5.12,9.01,7.41,5.0,9.28,4.82,Cloud Architect
5.68,6.01,4.92,4.65,3.09,9.85,4.56,4.73,8.82,4.04,Cloud Architect
6.64,6.95,5.21,7.55,3.73,9.3,7.97,7.62,9.61,6.45,Cloud Architect
5.09,5.24,5.98,4.18,4.6,9.84,6.99,5.95,8.37,6.22,Cloud Architect
8.05,7.61,4.62,5.71,3.72,9.9,7.74,7.49,9.73,7.15,Cloud Architect
6.65,6.73,5.31,7.14,4.88,9.55,4.93,7.98,8.27,5.14,Mechanical Engineer
6.66,5.34,6.11,5.5,5.84,9.74,4.29,5.47,9.88,5.3,Mechanical Engineer
5.52,5.41,6.25,4.21,5.04,8.51,4.72,5.67,9.39,4.72,Mechanical Engineer
7.12,8.6,4.91,4.07,5.09,8.95,4.03,7.85,8.76,4.36,Mechanical Engineer
8.16,7.13,5.72,5.21,3.32,8.62,5.61,6.63,8.87,4.42,Mechanical Engineer
8.97,5.52,6.26,6.26,3.52,9.08,6.76,6.57,8.32,7.96,Mechanical Engineer
8.47,5.2,5.53,5.59,5.79,9.43,7.04,4.91,9.25,4.54,Mechanical Engineer
8.01,6.44,4.98,6.69,4.49,9.09,7.1,5.08,8.05,7.74,Mechanical Engineer
7.07,6.59,5.69,4.35,3.27,9.14,7.11,7.09,8.23,7.58,Mechanical Engineer
6.9,7.05,4.49,7.15,4.96,9.78,5.43,7.58,9.51,6.82,Mechanical Engineer
5.55,6.88,6.85,5.52,5.83,9.83,6.59,5.4,8.07,6.38,Civil Engineer
5.13,8.07,6.01,5.59,3.72,9.79,4.79,5.12,9.09,5.5,Civil Engineer
6.7,6.71,4.22,4.87,4.19,9.23,4.09,7.51,9.6,4.07,Civil Engineer
7.0,6.23,5.46,7.03,4.53,8.88,6.1,4.23,9.3,7.5,Civil Engineer
6.53,8.21,6.69,5.38,4.17,9.73,5.01,5.25,9.04,7.12,Civil Engineer
8.22,8.98,6.11,7.88,4.92,8.52,7.8,6.98,9.06,5.72,Civil Engineer
7.23,7.25,4.35,5.28,4.42,8.95,4.21,6.64,9.24,6.14,Civil Engineer
8.35,8.54,4.68,4.81,4.64,9.7,6.61,5.55,9.06,7.24,Civil Engineer
5.88,5.35,7.69,6.87,5.03,9.79,5.76,7.61,8.45,6.4,Civil Engineer
5.04,6.8,7.78,4.6,5.66,9.13,5.03,4.82,8.69,4.98,Civil Engineer
8.73,8.81,5.46,5.71,4.29,8.61,6.83,7.7,8.24,4.78,Electrical Engineer
7.61,5.69,4.42,4.63,3.89,9.15,5.73,7.2,9.0,6.06,Electrical Engineer
5.89,5.61,6.65,6.55,5.74,9.72,6.25,5.14,8.66,6.52,Electrical Engineer
8.84,6.71,4.53,6.19,3.47,9.81,6.83,5.39,8.97,5.1,Electrical Engineer
5.22,5.76,7.84,6.54,5.66,9.6,6.35,7.67,9.22,5.63,Electrical Engineer
6.34,8.21,5.41,5.57,4.92,9.32,5.15,7.78,9.57,6.93,Electrical Engineer
7.84,7.99,7.43,5.41,5.65,8.57,6.26,5.84,9.63,4.05,Electrical Engineer
8.77,7.26,7.68,5.01,4.49,9.37,7.38,5.29,9.0,4.82,Electrical Engineer
5.71,7.24,7.55,7.81,3.23,9.81,7.84,4.5,8.73,5.89,Electrical Engineer
6.56,7.31,4.88,7.07,3.6,8.62,4.12,4.55,8.75,6.94,Electrical Engineer
5.32,8.62,5.44,4.91,3.47,9.41,7.21,4.84,9.06,7.67,Aerospace Engineer
7.7,6.91,7.51,6.09,5.3,9.42,5.72,6.95,9.33,4.95,Aerospace Engineer
5.37,8.71,5.84,7.98,5.69,9.42,5.23,4.07,8.39,5.32,Aerospace Engineer
5.97,7.76,6.74,7.36,3.78,9.04,5.34,7.54,8.65,7.88,Aerospace Engineer
8.29,5.47,4.27,7.84,3.66,8.51,7.46,5.16,8.61,6.75,Aerospace Engineer
7.79,8.72,6.8,7.25,5.54,8.54,6.95,4.8,9.13,6.8,Aerospace Engineer
5.21,5.24,4.67,4.98,4.56,9.56,4.85,6.56,8.79,7.16,Aerospace Engineer
6.34,7.05,5.15,6.18,3.74,8.98,6.02,5.23,9.09,4.05,Aerospace Engineer
5.63,8.62,7.43,4.23,5.94,8.95,6.66,5.15,9.44,4.34,Aerospace Engineer
7.42,6.57,6.09,6.05,3.02,8.8,4.11,4.4,8.73,4.77,Aerospace Engineer
6.04,6.27,7.34,7.65,5.36,8.97,6.63,4.92,9.09,7.81,Robotics Engineer
6.9,7.09,5.14,5.1,3.45,8.9,4.62,6.52,8.99,7.03,Robotics Engineer
5.17,5.11,7.01,4.27,3.4,9.63,5.26,6.59,8.28,4.65,Robotics Engineer
5.05,8.21,5.48,4.46,4.05,9.56,7.25,4.2,8.57,6.66,Robotics Engineer
5.85,6.34,4.04,4.27,4.19,9.79,5.81,4.23,9.76,4.63,Robotics Engineer
6.88,6.04,4.63,7.99,5.28,8.97,6.67,7.08,8.46,7.85,Robotics Engineer
7.02,8.33,4.11,5.19,3.39,9.35,6.57,4.49,9.43,5.74,Robotics Engineer
8.68,8.73,6.1,7.4,4.93,9.4,5.29,4.9,9.56,7.53,Robotics Engineer
8.94,5.25,7.71,5.24,5.89,8.56,6.01,5.02,9.24,7.41,Robotics Engineer
6.87,6.83,7.79,6.24,5.86,9.29,5.65,4.32,8.79,5.9,Robotics Engineer
7.41,7.8,7.81,7.3,5.69,9.57,4.38,5.26,8.54,7.08,Network Engineer
6.29,7.04,7.43,4.28,5.16,8.72,7.73,4.52,9.48,4.55,Network Engineer
7.25,6.25,7.33,7.4,4.26,9.7,5.06,4.98,8.43,5.85,Network Engineer
7.89,7.6,6.47,6.24,4.8,9.89,5.94,4.92,8.15,6.33,Network Engineer
5.72,7.41,5.18,4.4,4.97,9.39,4.68,5.85,9.77,7.2,Network Engineer
6.8,6.13,7.42,6.43,5.64,9.34,4.72,5.39,9.85,6.43,Network Engineer
6.11,5.14,5.46,5.17,4.74,8.96,4.1,4.56,8.71,7.77,Network Engineer
5.17,5.29,4.7,7.85,4.49,8.89,7.26,7.07,9.25,7.42,Network Engineer
5.15,8.62,5.54,6.19,3.63,9.61,4.85,5.66,8.03,7.13,Network Engineer
8.02,8.57,4.88,6.42,3.39,8.78,5.89,7.53,9.23,6.9,Network Engineer
7.48,5.37,6.0,6.43,5.58,5.2,7.06,4.12,6.96,6.16,DevOps Specialist
6.39,6.83,6.43,6.16,4.11,7.08,6.81,4.29,8.59,6.81,DevOps Specialist
5.62,8.92,4.53,7.52,4.84,6.98,4.26,4.19,5.18,4.39,DevOps Specialist
7.74,5.57,5.37,6.91,4.56,7.62,4.3,4.84,6.04,4.58,DevOps Specialist
8.32,6.01,7.57,7.48,4.54,7.99,5.93,4.25,8.96,6.54,DevOps Specialist
5.44,6.82,7.93,5.33,4.45,5.3,7.13,5.54,5.76,4.72,DevOps Specialist
8.61,7.98,4.07,4.47,4.33,5.18,6.66,6.64,5.47,4.94,DevOps Specialist
7.28,7.75,7.81,5.06,4.27,6.78,7.96,5.43,6.95,7.01,DevOps Specialist
6.96,6.1,4.64,6.65,4.41,6.16,4.98,4.67,6.8,4.5,DevOps Specialist
6.77,8.51,6.66,7.28,4.91,5.54,6.95,5.76,5.37,5.95,DevOps Specialist
9.66,7.85,4.6,4.46,5.22,6.48,8.26,4.92,6.6,7.57,UX/UI Designer
9.33,5.51,4.47,7.27,5.95,6.44,9.29,5.4,8.96,5.29,UX/UI Designer
9.08,8.32,6.89,7.82,3.93,4.89,9.09,5.8,5.18,7.36,UX/UI Designer
9.48,5.53,7.5,5.45,4.02,5.09,8.78,6.25,5.1,7.63,UX/UI Designer
9.24,7.77,6.01,6.39,5.74,7.82,9.72,7.71,5.58,4.78,UX/UI Designer
9.13,5.25,4.51,5.77,3.27,6.89,8.86,4.3,5.04,6.67,UX/UI Designer
9.85,7.25,4.41,8.0,3.6,5.09,8.26,5.43,6.78,6.15,UX/UI Designer
9.59,8.71,4.86,4.68,5.82,6.92,8.68,7.68,7.43,5.32,UX/UI Designer
9.57,6.75,4.24,6.65,4.33,7.39,8.45,7.71,5.59,7.02,UX/UI Designer
9.88,5.78,7.72,6.09,4.32,5.97,8.21,6.27,8.17,6.4,UX/UI Designer
7.04,7.49,5.36,7.69,5.23,5.22,5.82,6.22,6.67,5.11,Game Developer
7.58,6.14,5.75,5.95,3.15,5.88,6.91,5.14,6.73,4.78,Game Developer
7.05,5.03,7.88,7.56,4.08,6.78,5.51,4.71,7.27,4.13,Game Developer
5.2,7.55,7.8,5.94,3.43,6.27,6.8,6.29,8.85,7.91,Game Developer
8.61,8.3,4.12,4.36,4.96,5.7,5.34,7.59,7.41,7.89,Game Developer
6.76,5.72,7.01,4.57,3.19,5.97,6.51,5.84,5.3,6.62,Game Developer
5.27,8.07,5.57,6.45,3.7,4.48,4.52,7.33,6.12,5.57,Game Developer
7.25,6.9,5.24,5.7,3.18,4.97,6.73,6.32,7.48,7.89,Game Developer
6.51,7.45,6.15,6.37,5.98,6.17,5.35,7.05,6.1,5.65,Game Developer
6.38,7.69,4.47,7.12,4.24,4.22,5.6,5.92,7.94,6.88,Game Developer
5.73,6.75,4.86,7.23,5.91,8.54,4.81,4.7,9.1,7.55,Systems Architect
8.88,6.33,6.9,4.6,5.2,9.39,4.76,4.23,8.38,4.41,Systems Architect
7.85,6.84,7.77,5.52,4.22,8.9,4.93,4.99,8.52,6.29,Systems Architect
8.39,8.33,4.36,4.96,4.23,8.82,4.52,5.79,8.58,4.14,Systems Architect
5.35,7.68,4.54,7.2,3.22,9.13,4.06,6.61,9.7,5.63,Systems Architect
5.95,5.64,6.89,5.25,3.59,9.66,6.38,7.45,9.89,4.56,Systems Architect
5.7,7.0,6.39,7.72,5.72,9.07,4.28,6.92,8.43,4.7,Systems Architect
6.07,5.48,4.91,5.39,3.64,9.25,6.72,5.98,9.56,4.95,Systems Architect
7.69,6.03,6.22,5.67,4.41,9.8,7.85,7.84,8.11,4.45,Systems Architect
8.43,5.61,6.61,7.05,5.79,9.85,6.43,6.01,8.72,5.57,Systems Architect
7.21,9.84,6.24,9.11,4.12,4.53,5.19,5.98,8.71,8.51,Surgeon
8.53,9.71,4.28,9.68,4.75,5.21,6.78,4.84,6.65,8.41,Surgeon
5.97,9.36,4.99,8.92,4.79,6.09,7.07,4.19,5.75,8.18,Surgeon
5.79,8.84,6.08,8.71,4.64,4.03,5.8,4.25,8.17,8.79,Surgeon
5.53,8.94,5.93,8.56,3.03,6.81,4.63,4.93,8.5,8.84,Surgeon
6.39,8.51,4.15,9.48,3.96,7.03,4.78,7.12,8.59,7.67,Surgeon
7.48,9.79,7.89,8.42,5.8,4.12,4.46,7.88,8.64,8.96,Surgeon
7.35,9.3,6.2,8.5,4.3,5.82,4.77,4.63,5.45,9.18,Surgeon
5.95,9.17,7.84,8.76,4.32,5.7,6.46,5.74,6.78,9.42,Surgeon
6.47,9.02,6.38,9.18,4.75,5.57,5.32,5.32,8.79,8.94,Surgeon
6.39,8.84,4.03,9.58,5.75,6.03,4.45,6.47,7.66,8.8,Nurse
6.27,9.84,6.33,9.76,4.67,4.86,4.55,7.83,5.82,8.2,Nurse
8.64,8.71,4.87,8.36,4.98,6.35,7.1,5.65,5.04,8.09,Nurse
8.42,9.23,6.66,8.76,3.34,7.15,4.07,5.57,7.61,8.2,Nurse
7.7,9.52,4.66,9.39,4.22,7.29,7.17,7.68,7.12,8.49,Nurse
7.55,9.0,7.75,8.48,4.0,6.6,4.83,5.54,6.64,8.5,Nurse
6.71,8.82,5.95,9.08,3.77,7.59,5.38,7.97,8.77,7.57,Nurse
8.36,9.83,4.9,8.55,3.54,4.8,4.48,6.87,7.44,8.31,Nurse
6.54,9.78,6.13,8.7,3.14,4.13,5.0,7.11,6.57,8.04,Nurse
6.75,9.11,6.75,8.98,3.88,5.17,7.66,6.0,6.3,8.79,Nurse
6.21,6.19,7.89,5.14,4.55,5.91,6.51,6.91,5.85,5.15,Pharmacist
5.38,8.57,4.32,5.14,5.21,4.83,7.19,7.28,8.21,7.02,Pharmacist
5.33,8.9,7.43,7.78,5.04,7.2,4.03,4.9,8.88,4.79,Pharmacist
5.54,8.39,6.88,5.36,4.98,6.58,6.22,4.33,8.4,5.03,Pharmacist
5.24,5.67,7.33,6.62,3.06,4.79,4.19,4.45,6.72,6.49,Pharmacist
7.91,7.6,5.72,7.65,4.12,4.68,5.01,7.74,5.09,6.96,Pharmacist
6.9,5.47,6.32,5.63,3.65,7.33,5.75,5.8,8.16,7.11,Pharmacist
8.57,7.05,7.41,6.15,5.89,4.38,4.26,4.59,5.93,4.25,Pharmacist
6.58,5.28,6.36,7.1,3.61,6.26,7.93,4.04,6.46,6.96,Pharmacist
8.8,7.6,4.05,7.35,3.57,5.13,6.95,7.21,8.83,4.06,Pharmacist
6.58,8.94,4.71,7.52,4.97,5.56,6.49,6.95,6.35,5.82,Dentist
5.11,6.7,7.8,6.17,3.48,6.39,4.4,7.09,5.44,5.05,Dentist
5.56,7.18,6.91,6.4,4.5,5.08,5.54,4.01,7.8,7.24,Dentist
7.58,5.6,4.86,7.29,4.07,5.25,5.17,5.47,8.3,4.13,Dentist
6.05,5.33,7.11,7.39,3.51,4.87,6.15,6.7,5.12,6.94,Dentist
7.33,6.99,7.99,4.11,5.56,7.07,6.72,4.63,5.64,4.89,Dentist
7.78,7.59,6.65,7.18,4.45,4.97,6.72,5.54,5.7,5.01,Dentist
6.79,5.36,7.57,4.69,3.83,7.32,5.93,4.44,6.65,7.48,Dentist
7.91,5.93,6.52,5.03,3.09,6.19,7.2,7.72,6.63,6.71,Dentist
6.49,7.18,4.61,6.43,3.9,5.58,7.03,4.97,7.08,5.48,Dentist
6.3,8.08,4.27,7.6,3.47,6.28,7.24,5.58,7.02,7.32,Physiotherapist
8.57,6.6,6.91,7.16,5.13,7.66,4.95,6.08,6.68,5.46,Physiotherapist
8.59,7.66,5.38,5.05,5.28,7.22,5.08,7.38,8.71,5.65,Physiotherapist
7.38,8.98,5.28,6.55,4.59,7.77,5.89,7.17,5.59,4.35,Physiotherapist
8.36,6.96,7.89,4.99,4.04,6.76,5.58,6.1,8.99,6.13,Physiotherapist
5.47,7.72,5.17,6.8,5.61,7.96,6.71,7.94,8.66,7.23,Physiotherapist
6.24,7.11,4.11,6.62,5.8,7.94,4.96,6.27,7.18,6.01,Physiotherapist
5.47,7.24,5.54,7.09,5.74,5.54,5.41,7.04,5.06,7.67,Physiotherapist
8.73,8.97,7.7,5.7,3.71,6.94,5.61,4.45,8.59,5.16,Physiotherapist
7.01,7.26,5.56,6.59,3.55,4.57,5.42,4.42,6.95,6.95,Physiotherapist
8.05,8.65,4.91,9.69,5.39,5.7,7.56,6.53,6.84,7.73,Psychiatrist
5.21,9.42,7.7,8.21,3.77,4.3,4.7,5.16,8.88,8.35,Psychiatrist
8.51,9.2,7.01,9.1,5.83,6.57,6.04,4.1,6.31,7.79,Psychiatrist
7.46,8.82,5.02,8.02,3.49,5.64,5.7,7.95,5.37,7.92,Psychiatrist
5.93,8.86,6.32,9.53,3.38,7.04,7.54,5.6,7.1,9.26,Psychiatrist
7.52,8.94,7.46,9.56,5.68,4.25,6.86,6.31,7.55,8.73,Psychiatrist
6.34,8.58,4.5,9.67,5.94,4.27,4.47,7.13,8.74,8.61,Psychiatrist
5.74,8.77,6.09,8.11,4.58,7.58,4.19,7.22,5.64,8.52,Psychiatrist
7.87,9.76,5.28,8.39,3.63,5.4,7.61,5.17,7.64,7.84,Psychiatrist
6.09,9.28,7.91,8.79,5.93,7.05,7.08,6.77,8.74,8.72,Psychiatrist
7.56,9.84,7.0,9.31,3.16,4.93,4.22,7.46,6.52,8.99,Veterinary Doctor
7.18,9.16,6.56,9.79,4.23,4.19,4.15,4.16,8.44,7.92,Veterinary Doctor
7.42,8.74,6.16,8.52,5.28,7.47,5.36,4.58,8.89,8.03,Veterinary Doctor
7.43,9.13,4.28,9.39,3.2,4.83,5.59,6.7,7.91,7.64,Veterinary Doctor
8.59,9.33,6.47,8.67,4.36,4.1,5.14,4.24,8.16,8.74,Veterinary Doctor
5.76,9.66,6.66,8.55,4.79,6.98,7.92,7.5,8.39,8.79,Veterinary Doctor
7.04,9.61,7.42,9.38,4.53,6.18,5.58,6.2,5.97,8.97,Veterinary Doctor
7.12,9.42,5.45,8.85,3.03,6.34,5.81,5.72,5.44,8.82,Veterinary Doctor
5.46,9.67,7.13,9.05,4.81,4.61,7.24,5.86,6.81,9.42,Veterinary Doctor
5.3,9.01,5.43,8.75,3.13,7.22,5.63,7.92,6.59,8.01,Veterinary Doctor
6.97,5.97,6.61,7.6,4.62,4.11,4.99,7.12,6.52,7.61,Radiologist
6.66,7.21,7.41,7.43,3.33,7.41,4.72,6.13,6.76,5.73,Radiologist
6.89,8.69,5.91,7.61,3.41,5.55,5.8,6.16,8.13,7.42,Radiologist
5.87,6.81,6.41,5.28,4.89,4.08,4.48,7.98,5.43,4.41,Radiologist
7.57,6.14,5.67,7.31,4.58,6.23,7.16,4.19,7.0,5.26,Radiologist
8.11,7.24,4.11,7.56,3.25,4.04,7.3,4.38,7.67,4.25,Radiologist
5.85,8.86,7.79,5.41,4.01,4.93,7.46,6.15,8.76,4.76,Radiologist
6.39,6.08,7.06,4.55,5.63,7.45,7.45,4.51,8.35,6.98,Radiologist
6.08,7.78,6.82,5.59,5.07,4.88,7.42,6.32,6.84,4.39,Radiologist
6.52,5.91,6.0,5.04,5.62,4.49,6.65,6.77,8.67,6.31,Radiologist
6.41,6.01,5.55,6.62,5.59,5.5,6.73,7.72,8.03,5.38,Nutritionist
5.6,8.3,4.37,6.71,4.74,4.8,4.93,7.06,6.34,5.35,Nutritionist
8.69,7.32,6.32,5.9,5.58,7.92,7.25,5.61,7.7,5.28,Nutritionist
8.45,6.15,6.6,5.16,5.57,4.88,4.55,5.02,6.62,4.16,Nutritionist
6.2,8.22,5.9,6.34,3.64,7.08,4.57,7.76,6.65,4.61,Nutritionist
7.06,6.81,5.65,7.7,3.4,6.24,5.05,6.67,8.73,7.24,Nutritionist
8.49,8.16,5.96,7.76,5.45,7.11,6.13,4.67,8.39,7.77,Nutritionist
5.5,6.96,5.2,5.64,4.49,6.76,7.17,6.38,8.28,4.42,Nutritionist
7.85,8.68,7.3,7.64,4.77,6.77,6.88,6.87,7.83,4.92,Nutritionist
5.05,8.3,5.0,6.9,3.43,6.84,5.71,6.81,6.61,5.44,Nutritionist
7.7,5.12,7.68,6.66,4.05,5.61,7.81,5.38,5.56,7.34,Medical Lab Technician
8.27,5.04,7.28,6.22,3.86,5.05,4.54,4.72,8.88,5.32,Medical Lab Technician
7.09,7.56,6.21,6.06,3.05,5.11,4.17,5.11,8.73,7.59,Medical Lab Technician
7.88,5.7,5.0,6.64,5.78,4.19,5.41,7.7,7.74,4.99,Medical Lab Technician
6.54,6.92,6.42,7.14,5.62,7.93,6.16,4.83,8.43,5.57,Medical Lab Technician
5.24,5.02,4.98,4.41,4.83,4.44,6.18,6.9,7.77,7.0,Medical Lab Technician
5.76,7.42,6.63,5.69,3.36,5.28,7.63,6.32,6.98,6.25,Medical Lab Technician
5.84,5.19,4.49,5.56,4.03,5.67,5.23,5.85,8.9,4.42,Medical Lab Technician
5.61,5.83,6.92,6.18,4.26,4.14,7.9,4.31,6.65,6.19,Medical Lab Technician
7.78,6.45,4.54,4.28,3.77,4.92,5.06,7.3,8.03,7.71,Medical Lab Technician
8.21,6.57,7.71,5.63,4.73,4.14,5.43,7.05,8.33,4.4,Anesthesiologist
7.78,8.09,6.1,5.44,3.07,6.86,5.66,4.16,8.29,7.09,Anesthesiologist
6.95,5.82,5.77,7.85,4.11,4.23,6.04,7.76,8.21,7.29,Anesthesiologist
8.2,7.49,4.55,7.6,3.51,5.83,4.17,6.72,7.73,4.83,Anesthesiologist
7.24,5.13,7.68,7.45,5.19,5.99,6.38,6.94,8.95,4.79,Anesthesiologist
6.38,7.03,6.4,5.8,3.44,6.16,4.94,7.09,6.83,7.89,Anesthesiologist
6.22,6.31,5.11,7.33,3.2,4.79,7.55,7.02,8.76,4.19,Anesthesiologist
8.45,8.52,6.79,4.53,4.14,6.45,6.82,7.75,6.1,6.35,Anesthesiologist
6.63,7.31,6.4,7.57,5.0,6.1,7.59,7.39,5.26,4.39,Anesthesiologist
5.13,5.36,7.74,5.02,3.24,7.43,4.38,6.79,8.29,7.28,Anesthesiologist
5.83,5.51,7.71,6.3,5.28,4.09,5.92,7.78,8.82,7.66,Cardiologist
5.99,7.84,4.49,5.45,3.82,6.16,7.96,6.59,8.87,7.25,Cardiologist
8.66,5.08,5.42,6.0,3.52,7.62,6.45,6.83,5.81,7.59,Cardiologist
5.51,7.58,5.37,6.08,4.2,4.41,5.66,6.23,5.87,6.43,Cardiologist
7.3,7.48,4.34,7.06,3.64,4.34,6.82,7.04,6.28,6.71,Cardiologist
8.23,5.01,7.71,4.24,4.96,5.22,6.33,7.55,7.18,7.45,Cardiologist
5.88,6.14,6.92,7.63,4.41,4.51,5.58,7.99,8.59,4.42,Cardiologist
8.88,5.23,6.73,4.33,4.17,7.0,6.94,6.45,6.47,6.69,Cardiologist
8.51,5.55,5.66,4.97,4.1,7.26,4.62,5.28,7.54,4.26,Cardiologist
8.5,7.65,5.36,7.66,4.46,7.44,7.72,7.16,5.71,4.77,Cardiologist
7.46,7.85,7.84,4.39,3.61,6.78,7.82,6.28,7.52,7.47,Pediatrician
5.52,6.15,4.69,4.31,5.65,4.8,4.54,4.74,8.68,7.63,Pediatrician
6.36,6.35,7.11,5.91,5.24,6.07,7.22,4.96,6.91,5.05,Pediatrician
8.98,5.9,7.65,6.36,4.91,7.63,6.58,4.41,8.99,7.0,Pediatrician
8.44,5.04,7.53,4.35,3.25,5.08,4.84,7.97,5.7,7.4,Pediatrician
5.38,6.01,7.03,7.42,5.89,6.61,6.81,5.4,5.3,6.85,Pediatrician
6.83,7.58,5.35,6.53,3.32,4.88,7.78,6.6,8.32,4.89,Pediatrician
8.92,5.08,7.48,7.33,4.42,4.32,6.43,6.9,7.44,5.53,Pediatrician
8.17,6.51,7.12,4.73,3.67,4.86,6.53,5.48,7.19,4.32,Pediatrician
8.24,8.27,6.51,5.11,5.11,4.95,7.0,7.78,6.62,7.44,Pediatrician
8.06,8.56,5.92,9.21,5.47,6.05,5.09,6.27,5.3,8.04,Occupational Therapist
6.27,9.25,7.48,9.68,4.57,7.57,6.34,4.51,6.17,8.16,Occupational Therapist
6.51,8.74,4.04,8.26,3.24,6.92,6.58,6.39,5.46,8.61,Occupational Therapist
5.64,8.96,6.28,9.35,5.82,4.0,6.68,4.92,7.89,7.53,Occupational Therapist
5.72,9.82,5.98,9.25,5.4,6.16,6.36,4.17,8.92,8.81,Occupational Therapist
5.4,9.79,5.71,8.74,4.13,7.51,6.75,7.11,6.12,8.09,Occupational Therapist
5.31,8.82,7.28,9.42,5.3,4.25,6.06,5.39,7.19,8.91,Occupational Therapist
6.39,9.33,6.68,8.01,5.07,7.55,6.61,5.23,8.21,8.01,Occupational Therapist
8.1,9.73,7.08,8.92,5.76,7.2,7.05,4.38,6.32,8.5,Occupational Therapist
6.09,8.79,7.59,8.52,3.56,4.3,7.7,5.15,5.7,8.77,Occupational Therapist
5.2,7.11,4.53,7.6,4.45,6.9,5.37,6.38,8.86,4.81,Optometrist
7.86,7.85,4.66,7.54,4.01,4.87,7.76,7.48,6.16,5.8,Optometrist
5.91,5.94,4.43,6.75,4.01,6.37,7.26,5.95,7.63,4.44,Optometrist
5.82,7.66,5.55,7.48,5.32,5.02,7.38,4.68,6.43,7.26,Optometrist
5.98,7.69,7.32,4.33,3.4,7.55,4.94,7.07,8.8,4.3,Optometrist
5.79,6.26,7.47,5.92,3.05,5.93,5.85,7.06,5.42,4.87,Optometrist
8.67,6.67,4.69,4.89,4.14,6.16,5.84,7.34,7.03,5.63,Optometrist
8.33,5.99,7.13,4.86,3.62,5.75,5.6,4.07,7.66,4.09,Optometrist
8.04,6.47,5.63,7.92,4.62,4.55,6.35,7.74,5.29,7.62,Optometrist
5.99,8.15,7.93,5.06,4.2,4.08,7.95,5.67,7.89,7.64,Optometrist
8.92,7.65,7.27,4.02,3.13,7.19,6.47,4.66,5.11,5.97,Chartered Accountant
5.05,6.44,7.93,5.82,5.47,6.06,4.87,5.3,8.76,6.81,Chartered Accountant
5.86,7.36,4.0,4.03,4.35,7.61,4.32,7.01,6.43,6.49,Chartered Accountant
7.65,8.63,5.25,7.59,5.91,7.14,6.53,5.09,7.04,4.34,Chartered Accountant
6.08,5.06,5.49,7.69,5.3,5.49,6.9,5.45,6.26,7.8,Chartered Accountant
8.24,7.04,6.1,7.37,3.79,4.6,5.08,5.7,7.15,6.12,Chartered Accountant
6.69,7.96,7.93,4.81,5.2,7.06,4.44,7.66,8.77,6.6,Chartered Accountant
7.52,5.58,6.56,6.13,4.7,7.03,6.74,6.81,5.73,4.95,Chartered Accountant
6.26,7.24,6.96,5.28,3.38,4.08,5.03,7.53,6.18,4.48,Chartered Accountant
6.74,6.3,4.87,4.12,4.13,5.85,5.56,7.68,8.33,4.03,Chartered Accountant
8.02,6.17,4.19,6.75,4.87,5.56,7.64,7.14,6.24,7.56,Investment Banker
7.58,8.68,6.34,5.77,4.6,7.61,6.31,5.15,7.61,5.33,Investment Banker
5.89,6.23,7.05,4.32,4.15,5.38,4.43,5.95,6.0,5.96,Investment Banker
6.11,7.89,6.79,5.49,5.51,5.41,7.24,5.05,7.27,7.75,Investment Banker
6.19,8.87,6.01,5.12,3.37,6.0,7.44,7.48,5.18,5.05,Investment Banker
5.11,8.99,6.49,5.21,4.68,7.42,4.26,6.98,8.98,5.77,Investment Banker
7.88,5.03,5.58,5.13,4.9,4.67,5.12,4.91,7.83,4.64,Investment Banker
7.7,5.09,6.32,6.64,4.01,6.21,7.21,6.23,8.2,4.29,Investment Banker
7.98,6.87,7.66,4.69,3.66,4.58,5.09,7.47,8.64,5.84,Investment Banker
8.82,5.21,7.11,6.11,4.71,6.67,7.86,5.0,7.2,7.37,Investment Banker
7.83,5.9,8.72,7.31,5.99,4.57,4.81,5.13,7.69,9.7,Corporate Lawyer
6.14,5.39,8.55,4.13,5.5,5.2,7.93,6.95,6.42,9.0,Corporate Lawyer
6.76,7.22,9.66,4.49,4.93,4.98,7.51,6.77,5.14,8.14,Corporate Lawyer
6.95,5.66,8.96,4.18,3.52,4.96,4.15,5.88,5.52,8.69,Corporate Lawyer
7.57,5.32,9.55,5.4,3.39,7.97,4.8,5.2,5.09,9.46,Corporate Lawyer
7.84,5.33,8.25,4.09,5.49,5.18,7.91,6.97,5.71,8.97,Corporate Lawyer
7.6,7.37,8.47,6.29,3.64,5.72,4.83,6.89,5.87,9.58,Corporate Lawyer
8.44,8.51,8.68,4.16,3.87,5.8,4.15,5.19,5.05,8.67,Corporate Lawyer
7.83,7.81,9.55,6.22,4.45,7.02,6.95,6.31,7.79,8.89,Corporate Lawyer
7.17,8.73,9.11,5.29,5.95,6.34,6.03,7.39,7.86,8.67,Corporate Lawyer
8.03,5.08,8.4,4.03,5.02,4.17,4.54,7.45,8.66,9.12,Human Resources Manager
7.72,6.5,8.23,7.07,3.84,7.38,4.99,5.75,8.92,8.35,Human Resources Manager
5.21,6.41,8.35,5.64,4.05,6.32,5.8,5.32,6.1,8.52,Human Resources Manager
7.52,5.68,8.5,6.81,4.46,5.55,7.39,6.12,7.59,9.69,Human Resources Manager
8.17,8.46,9.02,7.99,3.38,7.57,7.1,4.82,5.53,9.43,Human Resources Manager
8.44,5.78,8.88,7.27,5.37,6.97,5.54,4.57,8.39,8.18,Human Resources Manager
7.98,8.84,8.39,6.93,5.07,4.97,5.56,6.96,5.98,9.14,Human Resources Manager
8.77,6.04,8.31,4.1,4.63,4.64,7.9,5.12,6.26,9.8,Human Resources Manager
8.94,7.04,9.35,4.05,5.48,5.86,4.13,6.0,7.85,8.21,Human Resources Manager
8.67,7.57,8.88,4.49,5.04,5.53,7.96,5.33,8.11,9.21,Human Resources Manager
6.37,8.83,9.4,4.98,5.99,6.22,7.22,5.15,5.61,8.07,Marketing Manager
8.15,6.75,9.16,6.9,4.18,5.18,7.61,6.82,7.07,9.49,Marketing Manager
6.35,6.41,9.52,4.98,5.23,4.52,6.93,7.12,7.56,8.41,Marketing Manager
5.92,7.57,9.64,4.9,5.49,5.12,6.43,4.63,6.1,9.44,Marketing Manager
5.79,5.18,9.1,5.93,4.38,7.19,5.82,4.02,7.08,9.3,Marketing Manager
8.04,6.23,8.64,5.07,5.24,6.27,7.93,6.29,5.56,9.11,Marketing Manager
6.36,8.75,8.26,4.2,5.01,7.46,7.31,5.44,5.89,9.11,Marketing Manager
5.56,8.75,9.73,7.2,4.28,5.69,4.97,6.17,8.77,9.53,Marketing Manager
7.15,7.3,9.21,4.53,4.31,6.88,5.33,5.29,7.9,9.56,Marketing Manager
7.48,6.52,9.84,5.11,4.43,6.54,5.98,7.41,8.63,8.88,Marketing Manager
8.08,7.33,6.72,6.99,4.24,6.48,6.97,6.79,6.7,6.18,Financial Analyst
5.48,7.9,6.01,5.1,4.17,4.05,7.04,7.44,7.23,7.2,Financial Analyst
7.35,8.26,7.12,6.49,5.93,7.69,5.45,6.31,7.49,5.51,Financial Analyst
5.19,5.6,4.93,6.05,4.05,6.88,6.23,4.74,7.98,7.28,Financial Analyst
5.95,5.94,5.41,4.42,3.43,7.05,5.22,4.9,8.55,7.82,Financial Analyst
6.95,6.3,5.9,6.41,4.2,5.05,4.38,4.92,7.33,7.79,Financial Analyst
8.42,7.31,5.4,6.14,4.0,6.64,7.65,7.38,8.85,7.63,Financial Analyst
5.72,7.95,6.78,5.84,3.91,7.37,5.74,5.37,8.4,4.9,Financial Analyst
5.08,7.5,6.17,6.47,5.51,7.59,5.81,6.91,6.34,6.74,Financial Analyst
7.64,6.26,4.6,6.24,4.69,4.03,7.43,5.67,8.2,7.26,Financial Analyst
8.38,7.56,8.94,4.71,4.2,7.49,4.84,7.46,5.74,9.65,Project Manager
5.24,5.66,9.2,4.11,3.53,4.77,6.48,6.45,7.41,9.69,Project Manager
8.38,7.33,8.27,4.69,3.36,6.7,6.89,5.06,8.94,8.97,Project Manager
6.95,5.3,9.37,6.62,4.38,5.97,7.84,6.03,7.34,8.79,Project Manager
6.31,8.88,9.37,5.29,5.4,5.64,4.41,5.7,6.5,9.45,Project Manager
5.86,8.73,8.13,4.01,4.06,5.87,5.17,7.64,6.96,8.74,Project Manager
6.95,5.08,8.46,4.69,4.01,6.68,7.72,4.38,6.65,9.2,Project Manager
7.38,8.1,9.57,7.38,3.82,6.43,7.68,6.94,8.71,8.75,Project Manager
8.45,7.14,9.1,4.38,5.19,6.41,6.37,5.95,7.47,8.22,Project Manager
7.91,5.14,8.01,6.02,5.46,6.36,7.28,5.53,8.35,8.85,Project Manager
6.51,5.64,5.63,6.83,4.47,6.67,7.13,7.37,8.26,6.04,Economist
7.96,8.54,7.55,5.62,3.6,4.17,7.53,4.31,5.75,6.03,Economist
8.09,8.31,6.31,7.91,3.18,4.28,4.28,6.67,8.76,5.06,Economist
5.3,6.52,6.23,5.89,3.21,6.81,5.57,4.25,8.15,5.02,Economist
8.66,8.19,6.61,6.47,3.68,5.86,4.66,4.43,5.86,7.33,Economist
5.91,5.32,6.2,7.91,5.04,5.13,6.41,5.95,6.79,7.4,Economist
6.45,8.8,4.04,4.6,3.9,7.25,4.49,4.05,6.02,6.66,Economist
7.87,8.79,6.87,6.44,4.14,5.16,4.94,5.72,6.3,4.78,Economist
6.77,8.49,6.36,7.83,3.62,6.07,4.19,5.93,6.41,7.32,Economist
7.16,7.58,4.26,6.46,4.82,6.17,6.45,6.61,6.22,6.3,Economist
5.11,8.26,6.37,6.15,4.13,4.3,7.64,7.92,8.34,5.32,Auditor
6.68,6.12,6.89,7.65,5.1,4.33,6.72,5.61,8.86,5.99,Auditor
5.23,6.78,7.18,5.16,4.9,5.05,6.95,7.28,5.31,6.4,Auditor
8.43,7.25,5.68,6.15,4.82,5.86,6.08,7.49,8.52,4.99,Auditor
5.24,6.64,5.85,5.25,4.09,4.96,6.87,5.28,7.48,6.85,Auditor
8.62,8.27,4.83,7.0,4.58,5.47,6.17,5.12,6.54,5.39,Auditor
7.12,7.11,4.88,7.46,5.26,4.91,7.96,6.82,5.42,4.49,Auditor
5.1,6.29,5.82,5.79,3.11,7.98,7.53,7.06,5.63,6.28,Auditor
6.95,8.37,5.26,5.17,5.42,6.88,4.84,5.81,6.68,5.5,Auditor
7.4,8.54,5.84,4.24,6.0,5.34,5.23,5.84,6.03,6.32,Auditor
8.18,5.1,6.65,7.18,5.95,4.57,4.54,7.07,6.05,6.9,Business Consultant
6.44,7.12,4.29,4.26,5.14,5.37,7.07,5.82,5.17,4.18,Business Consultant
7.88,8.97,7.58,4.01,5.09,5.01,4.96,4.83,6.07,7.79,Business Consultant
7.04,5.05,5.53,5.36,5.44,6.04,4.18,6.72,8.11,6.63,Business Consultant
7.09,5.18,7.64,7.92,4.49,6.79,5.01,5.07,8.17,5.84,Business Consultant
8.35,5.9,5.73,5.56,3.02,7.73,7.35,7.61,6.55,6.42,Business Consultant
5.4,6.19,7.76,6.21,5.48,4.1,7.55,7.44,6.67,7.63,Business Consultant
8.43,8.22,7.67,6.78,5.38,7.94,4.71,6.13,8.46,5.25,Business Consultant
5.49,6.77,4.3,6.02,5.7,5.56,4.74,5.56,5.59,5.36,Business Consultant
7.42,8.85,5.78,7.84,3.9,6.4,7.0,6.07,8.58,6.73,Business Consultant
7.84,5.09,8.08,4.13,3.39,5.96,7.92,7.53,6.23,8.79,Sales Director
8.37,5.45,9.2,6.17,3.61,7.86,4.27,4.87,7.69,8.96,Sales Director
7.1,5.47,9.49,7.96,4.97,7.58,7.36,5.07,6.57,8.13,Sales Director
5.8,5.2,9.25,5.52,4.33,6.45,7.82,6.91,8.84,8.56,Sales Director
7.11,7.0,8.29,4.36,3.06,5.91,4.14,4.04,5.74,8.96,Sales Director
7.03,7.66,8.11,5.2,4.94,7.95,6.62,5.76,5.63,9.02,Sales Director
8.3,5.09,8.3,6.29,3.2,7.12,7.64,7.55,7.33,9.46,Sales Director
7.96,8.05,9.74,6.66,4.15,5.63,7.23,7.51,6.2,8.71,Sales Director
7.45,7.16,9.24,5.88,5.14,5.85,4.35,4.82,8.56,9.21,Sales Director
5.6,7.15,8.34,7.34,5.9,5.93,6.99,7.96,6.29,9.68,Sales Director
5.01,6.62,9.7,6.51,3.83,4.47,6.26,6.45,7.6,9.38,Supply Chain Manager
5.65,8.28,9.4,4.01,4.63,4.05,6.18,6.44,8.28,8.72,Supply Chain Manager
6.03,8.78,8.17,6.62,5.67,5.95,5.03,5.83,7.73,8.16,Supply Chain Manager
5.8,6.0,9.43,6.38,5.07,4.93,4.63,6.04,7.09,8.51,Supply Chain Manager
5.4,8.92,8.73,5.31,3.63,4.32,7.54,4.14,5.32,8.23,Supply Chain Manager
7.05,7.75,9.45,7.46,5.0,7.38,7.41,6.78,7.15,9.73,Supply Chain Manager
7.92,6.09,8.59,6.71,3.86,4.44,7.95,6.23,5.53,8.29,Supply Chain Manager
5.84,5.33,9.72,7.8,5.88,4.47,5.5,5.21,5.27,8.49,Supply Chain Manager
7.72,8.65,8.85,7.65,4.64,4.91,7.15,7.37,5.82,8.14,Supply Chain Manager
7.57,6.68,9.48,5.82,5.11,5.45,6.01,5.1,8.74,9.38,Supply Chain Manager
6.26,6.79,9.15,7.52,5.12,6.71,5.75,5.03,5.87,9.7,Real Estate Agent
5.85,6.99,8.37,5.12,3.72,4.08,7.78,7.47,5.82,8.48,Real Estate Agent
6.5,5.95,8.14,7.11,3.87,5.45,7.92,5.26,7.19,8.4,Real Estate Agent
8.08,5.02,8.68,4.42,4.35,5.44,5.86,6.47,8.63,9.38,Real Estate Agent
5.62,5.83,8.87,7.21,3.17,4.03,6.87,6.54,6.95,8.16,Real Estate Agent
5.8,5.97,9.25,4.9,4.07,5.74,4.72,7.23,8.15,8.77,Real Estate Agent
5.13,7.45,9.76,6.28,5.5,6.14,5.08,6.15,8.41,8.51,Real Estate Agent
7.65,6.02,8.69,6.21,4.5,5.63,5.74,6.03,6.54,9.05,Real Estate Agent
6.31,6.02,9.42,6.45,3.01,6.78,4.41,7.9,5.77,8.18,Real Estate Agent
6.66,6.06,9.22,4.39,5.02,7.18,4.57,6.31,6.89,8.9,Real Estate Agent
7.46,6.71,9.35,7.4,3.69,4.77,6.25,7.77,5.67,8.09,Risk Manager
7.45,6.95,8.03,7.23,3.68,4.88,4.65,7.59,5.86,9.57,Risk Manager
7.12,6.91,9.43,5.23,5.76,6.76,6.99,4.97,6.75,9.54,Risk Manager
5.29,8.34,8.07,4.64,5.04,4.64,5.04,7.43,7.97,8.49,Risk Manager
7.96,5.94,9.15,6.92,5.49,7.47,6.27,7.95,7.08,9.36,Risk Manager
7.38,7.13,8.66,5.22,5.79,4.28,5.4,7.12,5.59,8.39,Risk Manager
7.21,6.67,8.95,6.48,5.81,4.31,4.61,6.03,5.29,9.34,Risk Manager
5.7,7.89,9.11,4.87,3.72,4.71,4.51,7.59,5.71,8.12,Risk Manager
8.2,5.3,8.01,4.77,3.1,6.16,5.33,5.06,7.4,8.76,Risk Manager
6.45,5.13,8.7,5.77,5.26,4.29,6.23,4.99,7.36,9.76,Risk Manager
5.02,6.94,7.8,5.62,3.11,7.92,4.25,4.84,8.35,6.58,Actuary
7.52,8.06,7.52,4.16,4.57,5.51,6.75,5.1,7.24,7.38,Actuary
7.51,8.57,6.15,4.02,3.37,5.13,6.13,4.92,7.06,6.43,Actuary
8.79,5.45,5.96,6.26,5.07,6.63,4.83,6.31,8.51,5.99,Actuary
6.88,5.48,5.53,7.79,5.05,5.84,4.75,7.74,6.32,7.39,Actuary
7.13,6.34,6.93,4.23,5.0,5.22,7.39,6.45,6.24,4.15,Actuary
7.67,6.79,7.32,4.51,5.04,6.27,6.69,7.98,7.77,7.64,Actuary
6.39,8.3,7.21,5.91,3.51,7.63,4.8,4.99,7.97,4.89,Actuary
7.62,5.61,5.53,5.98,3.05,6.47,4.75,7.72,6.56,7.55,Actuary
5.31,6.1,5.5,7.7,3.74,5.93,6.68,6.18,5.57,7.36,Actuary
8.86,5.23,5.03,4.8,4.99,7.56,8.45,4.72,6.41,5.01,Graphic Designer
8.52,7.54,5.05,5.0,4.25,6.9,8.55,5.96,7.15,7.24,Graphic Designer
8.65,5.49,7.8,6.31,4.54,5.23,8.45,4.87,6.18,4.47,Graphic Designer
9.39,5.3,4.28,4.1,3.52,4.5,8.19,7.35,5.17,7.95,Graphic Designer
9.1,8.74,6.73,4.66,3.76,5.97,8.39,6.91,6.85,5.12,Graphic Designer
9.48,5.12,4.47,6.18,5.08,4.51,8.75,7.61,6.35,7.36,Graphic Designer
9.41,8.12,5.51,7.87,5.42,6.53,8.44,7.36,6.65,5.88,Graphic Designer
8.52,7.89,7.47,7.21,3.81,7.49,8.45,4.07,7.63,4.89,Graphic Designer
9.13,8.31,6.24,7.11,4.97,4.4,8.77,6.59,6.27,7.76,Graphic Designer
8.56,5.18,6.03,5.06,4.68,7.99,9.65,6.16,8.84,5.96,Graphic Designer
7.3,6.05,5.51,4.95,4.07,8.93,5.47,7.35,8.89,6.93,Architect
5.46,7.66,4.41,4.03,3.36,9.82,7.35,7.03,8.0,7.02,Architect
5.86,7.84,4.99,7.96,4.94,8.57,6.21,5.59,9.33,7.99,Architect
8.94,6.15,6.8,7.03,3.16,9.08,7.59,5.96,8.15,6.9,Architect
5.15,8.12,5.36,4.74,5.03,8.62,4.46,4.56,8.53,7.24,Architect
7.93,5.07,7.31,7.67,5.2,9.44,4.82,4.74,9.84,4.06,Architect
8.72,5.17,7.42,7.05,3.2,9.26,6.59,7.73,8.22,5.86,Architect
6.67,7.27,6.75,7.15,5.93,8.91,7.39,7.13,8.61,5.19,Architect
5.39,7.8,5.5,6.86,4.9,8.82,7.72,7.25,8.67,6.12,Architect
5.11,5.06,5.0,7.63,5.72,9.67,4.38,4.64,8.84,4.92,Architect
9.3,7.88,7.81,7.48,3.44,6.28,9.87,5.77,5.68,6.47,Interior Designer
9.66,6.44,4.72,6.24,3.53,4.54,8.42,4.87,5.46,5.44,Interior Designer
9.15,6.74,6.9,6.89,4.13,6.19,8.7,5.55,5.95,4.52,Interior Designer
8.78,5.82,5.64,6.06,3.59,4.28,8.76,7.33,7.92,6.7,Interior Designer
9.58,5.51,5.18,6.18,4.98,6.99,8.4,7.77,5.93,6.47,Interior Designer
9.38,7.94,4.91,4.68,5.12,5.94,9.11,7.26,7.35,6.93,Interior Designer
9.48,5.36,5.38,7.43,3.43,5.79,9.38,5.58,8.42,5.01,Interior Designer
9.43,8.33,7.23,5.8,4.71,6.35,8.51,6.61,7.23,4.48,Interior Designer
8.77,8.22,6.44,5.12,3.93,6.23,8.1,4.38,7.28,6.45,Interior Designer
8.78,7.53,6.9,7.36,4.83,5.02,9.78,5.14,8.26,7.84,Interior Designer
8.97,7.36,5.17,6.83,4.79,4.84,9.56,5.25,5.42,5.44,Fashion Designer
9.83,7.86,5.34,4.75,4.12,7.5,8.31,7.11,7.83,6.26,Fashion Designer
8.52,5.18,7.98,4.42,3.9,7.32,9.5,4.48,6.46,7.95,Fashion Designer
9.44,5.71,5.03,4.74,5.12,6.44,8.64,7.83,7.3,4.27,Fashion Designer
9.57,6.21,5.77,6.89,4.16,4.38,9.1,6.34,7.71,5.49,Fashion Designer
9.04,6.71,7.05,7.39,4.07,7.48,8.94,4.99,6.06,6.07,Fashion Designer
9.51,6.57,7.42,7.71,3.3,5.25,9.34,4.16,6.72,4.4,Fashion Designer
9.85,5.74,6.38,7.82,5.21,7.87,8.88,6.67,8.6,7.52,Fashion Designer
9.38,6.91,6.31,4.87,5.98,7.54,8.23,7.5,5.54,5.88,Fashion Designer
8.6,5.29,6.67,7.36,5.04,7.39,8.99,4.41,8.97,5.08,Fashion Designer
8.68,8.01,6.67,7.89,3.61,6.92,9.42,7.65,8.64,4.75,Animator
9.81,5.32,5.77,5.08,5.14,4.55,8.87,7.03,5.14,6.7,Animator
8.68,6.97,6.65,5.08,4.45,5.23,9.45,5.79,8.07,4.96,Animator
8.77,5.04,5.9,7.2,4.92,4.57,8.28,7.58,8.25,6.94,Animator
9.57,8.54,7.51,5.77,4.43,7.65,8.01,5.92,5.71,7.21,Animator
8.71,8.97,4.98,4.33,3.1,5.71,9.69,6.0,7.58,7.09,Animator
9.13,6.57,4.03,7.22,4.86,6.96,8.55,6.71,6.59,7.14,Animator
9.46,7.23,7.2,4.97,3.6,7.3,8.81,7.06,6.12,5.73,Animator
8.6,5.73,6.89,7.67,4.19,6.92,8.7,4.81,6.82,5.43,Animator
9.64,8.39,7.19,4.01,3.22,6.36,8.57,7.28,7.4,6.78,Animator
7.21,8.89,7.68,7.36,5.67,4.67,7.99,7.4,7.32,5.82,Photographer
5.03,7.67,6.35,5.47,3.27,4.99,6.41,6.45,5.23,5.36,Photographer
6.07,8.85,7.81,7.46,5.76,7.77,5.64,5.57,7.05,7.27,Photographer
8.54,5.85,5.98,4.8,4.36,6.86,7.75,4.46,7.65,7.32,Photographer
8.39,8.68,7.14,4.61,4.94,5.52,7.65,4.02,6.06,4.91,Photographer
8.55,5.31,4.75,7.56,3.64,6.01,5.81,4.54,6.44,7.1,Photographer
7.73,8.03,7.71,5.55,4.62,5.06,6.38,7.49,7.64,6.94,Photographer
8.29,7.32,6.07,5.35,5.5,6.41,5.43,6.78,6.31,7.19,Photographer
5.55,5.27,4.09,4.29,3.09,4.93,6.25,5.01,5.38,5.41,Photographer
8.67,7.83,7.23,6.44,4.84,6.57,6.74,4.45,8.37,6.16,Photographer
7.63,8.56,8.16,4.67,4.13,4.97,5.74,5.04,8.67,8.63,Film Director
5.85,7.94,8.92,5.6,4.21,7.46,7.02,4.17,8.24,9.69,Film Director
5.6,5.15,8.52,5.47,5.86,5.83,4.45,5.2,6.64,9.48,Film Director
6.34,6.94,8.36,7.78,5.75,7.49,7.34,6.52,8.44,8.43,Film Director
8.16,8.44,9.67,7.85,4.85,5.17,6.18,4.36,8.5,8.66,Film Director
6.09,8.96,8.94,6.87,4.04,6.71,6.32,4.36,8.89,9.08,Film Director
8.37,5.18,9.35,4.18,3.35,5.87,6.22,4.95,8.81,9.09,Film Director
5.32,8.26,9.25,6.22,3.85,4.28,6.84,6.22,5.69,9.43,Film Director
5.24,7.32,8.77,7.49,5.7,5.03,7.25,4.52,8.37,9.71,Film Director
5.96,8.67,8.51,4.9,5.88,4.54,4.19,7.22,5.75,9.03,Film Director
5.24,6.34,4.61,5.93,3.94,6.87,5.17,6.65,8.27,6.11,Journalist
6.72,7.58,7.03,5.38,3.32,7.09,4.13,7.04,5.6,7.28,Journalist
6.63,6.23,6.87,5.41,3.51,7.46,4.87,4.5,5.26,5.5,Journalist
5.29,7.91,5.27,7.76,5.25,4.21,7.37,6.32,8.05,4.54,Journalist
8.31,6.93,5.19,5.81,4.62,4.73,7.72,7.02,7.91,7.19,Journalist
5.43,7.51,6.38,4.04,3.31,4.47,5.36,5.63,6.29,4.35,Journalist
7.05,8.55,7.87,4.16,5.65,7.95,7.28,6.17,8.89,5.99,Journalist
5.49,7.97,6.4,4.31,3.22,7.82,6.75,6.82,8.54,6.26,Journalist
5.34,7.61,7.41,5.99,5.5,5.83,4.88,5.46,8.56,5.24,Journalist
8.92,5.69,4.66,6.76,5.15,7.09,5.29,4.55,7.28,6.08,Journalist
8.06,7.8,7.98,5.24,5.71,6.14,4.6,5.19,8.49,7.56,Content Writer
5.21,7.11,6.55,6.01,3.24,4.41,5.53,6.37,5.24,4.72,Content Writer
5.57,5.64,6.56,4.42,4.78,6.41,5.61,7.86,6.26,5.91,Content Writer
7.94,6.85,5.18,5.82,4.64,7.15,7.88,5.06,5.63,6.84,Content Writer
5.74,7.65,4.49,4.28,3.93,6.35,6.9,5.65,8.69,6.69,Content Writer
5.5,6.99,7.29,6.8,5.18,6.22,7.31,5.27,8.37,4.11,Content Writer
7.88,5.84,5.05,4.99,4.44,4.08,5.42,5.38,6.28,4.52,Content Writer
6.1,7.9,4.42,7.21,3.37,6.73,5.45,6.79,7.35,4.45,Content Writer
7.62,8.13,5.09,6.02,4.39,6.4,6.49,5.89,6.22,6.85,Content Writer
6.46,7.61,6.05,5.44,4.53,7.97,4.01,4.17,8.83,4.33,Content Writer
6.72,6.21,5.38,7.3,3.0,6.15,4.63,4.66,8.0,5.41,Art Curator
6.55,5.7,6.98,4.29,5.72,6.8,7.42,5.25,7.27,4.83,Art Curator
6.25,5.07,5.84,7.86,5.97,6.3,5.46,6.39,6.47,4.91,Art Curator
7.03,8.82,7.18,6.65,6.0,4.32,7.26,4.81,6.19,6.07,Art Curator
6.78,7.46,7.96,5.22,3.1,5.48,4.43,7.58,6.69,5.71,Art Curator
7.54,7.3,4.88,4.15,5.46,4.79,7.4,7.39,6.52,5.42,Art Curator
6.46,8.52,4.68,7.34,5.91,4.3,7.94,4.74,7.78,6.34,Art Curator
5.06,5.22,5.56,7.75,3.22,5.56,4.71,4.81,5.93,4.38,Art Curator
7.04,7.96,5.62,5.57,4.52,5.66,4.21,6.72,7.8,7.91,Art Curator
6.48,8.64,7.97,4.62,4.48,4.58,6.98,4.09,8.29,6.02,Art Curator
9.07,8.26,4.24,5.86,4.34,4.6,9.44,6.73,9.0,5.79,Musician
8.82,5.56,6.1,4.42,5.97,6.52,9.76,6.92,5.81,4.14,Musician
9.84,5.64,5.16,5.12,3.44,7.49,9.28,6.49,8.48,7.04,Musician
8.98,7.95,6.03,6.01,4.54,6.63,8.7,7.95,7.62,5.72,Musician
8.63,8.01,5.6,4.33,5.77,4.54,9.66,4.47,7.43,4.79,Musician
9.24,6.94,7.17,5.95,3.74,5.87,9.25,5.25,7.22,7.61,Musician
9.09,5.82,5.04,6.02,4.96,6.94,9.06,5.98,7.18,6.36,Musician
9.57,5.03,7.55,6.99,3.36,4.47,8.58,4.86,7.17,7.4,Musician
9.45,8.98,5.51,4.66,5.7,5.74,9.18,6.41,6.57,5.88,Musician
9.28,5.68,4.23,7.14,5.4,6.09,9.16,5.15,8.92,6.53,Musician
6.47,7.92,5.79,7.46,5.23,7.18,6.31,7.86,6.04,6.54,Actor
7.02,7.09,6.01,6.8,3.31,4.53,7.5,6.68,7.22,6.06,Actor
8.46,5.01,6.3,7.66,5.94,6.05,7.43,6.16,7.79,7.99,Actor
6.53,5.71,6.06,6.52,5.83,4.21,4.85,4.84,5.5,7.9,Actor
5.24,5.61,7.1,6.88,4.39,7.74,4.67,7.31,8.16,7.73,Actor
5.31,5.48,4.94,5.53,5.06,7.94,7.06,6.2,5.66,6.3,Actor
7.4,8.45,4.0,6.05,4.19,7.63,6.99,6.95,7.69,7.16,Actor
7.03,7.94,7.79,7.0,4.56,5.47,6.87,4.11,8.46,7.71,Actor
7.44,5.69,6.94,7.07,4.25,7.74,6.28,5.44,8.8,5.89,Actor
6.37,7.29,4.98,6.54,5.77,7.85,7.31,6.79,8.03,7.64,Actor
7.58,5.62,7.4,4.86,4.92,4.37,6.25,7.52,8.44,7.75,Copywriter
5.78,6.86,6.43,4.32,5.37,7.28,5.62,5.0,7.48,5.89,Copywriter
7.52,5.16,5.92,4.29,5.5,7.03,5.66,6.0,6.12,6.2,Copywriter
7.07,5.57,5.09,4.63,3.53,7.17,4.39,5.49,8.01,7.85,Copywriter
5.91,6.44,6.99,7.73,5.44,5.62,6.21,6.14,6.81,6.59,Copywriter
8.13,8.4,4.19,6.31,5.79,7.88,6.81,7.11,8.16,7.92,Copywriter
6.75,8.08,4.47,7.1,5.33,6.79,4.84,6.22,5.84,6.26,Copywriter
5.1,8.92,5.89,4.72,4.81,7.24,5.69,7.22,7.15,4.61,Copywriter
6.97,5.86,4.77,7.72,4.36,4.2,5.2,5.96,6.61,6.7,Copywriter
8.61,8.21,5.76,4.72,3.17,6.83,5.95,5.32,7.56,5.04,Copywriter
5.53,8.55,6.84,6.36,4.76,4.46,6.4,6.99,5.69,7.79,Video Editor
6.27,6.58,7.63,6.65,3.43,7.89,7.41,5.43,5.83,7.38,Video Editor
6.62,5.05,7.32,4.43,5.53,7.02,7.42,5.4,7.32,7.87,Video Editor
8.97,7.62,6.17,6.16,4.9,7.93,6.21,6.92,7.29,7.05,Video Editor
8.18,8.81,7.71,7.99,5.47,5.4,6.93,7.47,6.14,6.35,Video Editor
6.79,5.87,5.37,7.92,3.41,5.81,6.08,5.33,8.88,6.33,Video Editor
8.67,8.87,7.86,4.79,4.26,5.94,4.5,7.34,7.2,5.74,Video Editor
6.27,7.25,4.34,5.51,5.06,7.47,7.24,5.51,5.41,4.5,Video Editor
7.92,5.61,7.74,4.94,4.3,5.06,5.3,7.04,8.9,7.83,Video Editor
5.31,5.78,7.58,6.69,4.42,7.4,6.64,7.87,5.32,4.86,Video Editor
8.94,8.92,4.5,7.6,4.54,4.77,8.23,7.33,5.92,4.54,Makeup Artist
9.25,8.11,4.44,7.66,3.51,4.79,9.85,5.68,8.16,7.8,Makeup Artist
9.21,5.2,4.39,4.79,4.83,5.37,9.05,5.07,8.21,5.01,Makeup Artist
9.7,5.78,5.75,6.01,4.76,4.92,9.21,5.92,6.7,7.29,Makeup Artist
9.16,5.21,6.13,6.69,4.75,6.1,9.87,7.95,5.37,5.6,Makeup Artist
9.11,5.33,5.32,7.97,5.79,6.42,9.25,6.22,6.6,4.92,Makeup Artist
8.89,5.53,5.96,4.03,4.77,5.36,9.0,4.91,8.11,4.5,Makeup Artist
8.83,5.72,5.61,4.74,3.33,6.99,8.45,6.5,6.45,7.43,Makeup Artist
8.96,5.91,5.83,7.89,5.61,7.62,9.84,4.27,8.77,6.08,Makeup Artist
9.44,6.92,4.65,5.37,4.08,4.52,8.21,6.28,7.2,7.55,Makeup Artist
6.74,7.03,6.81,6.36,5.79,6.85,7.28,4.57,8.05,4.41,Astrophysicist
5.06,7.67,6.76,6.07,4.17,6.12,4.14,4.42,7.65,6.3,Astrophysicist
8.61,8.54,6.59,4.87,3.25,5.75,7.15,4.1,5.71,5.41,Astrophysicist
6.02,5.74,4.07,4.41,3.43,5.44,6.32,4.67,6.74,7.99,Astrophysicist
8.15,8.23,5.09,6.95,5.31,6.47,6.54,5.56,6.98,7.15,Astrophysicist
5.77,8.95,5.26,7.68,5.79,7.83,5.93,6.47,5.12,6.33,Astrophysicist
6.5,7.87,5.59,4.86,3.27,4.11,6.98,4.23,5.69,5.68,Astrophysicist
5.16,5.47,7.19,6.25,5.15,6.09,5.31,6.98,7.16,4.62,Astrophysicist
6.02,7.84,6.48,6.7,4.37,4.26,5.8,5.91,7.34,7.05,Astrophysicist
7.52,6.09,4.17,4.48,5.28,6.01,7.64,6.62,7.11,6.72,Astrophysicist
6.21,8.34,5.38,5.89,4.13,6.36,7.73,7.03,8.52,7.02,Marine Biologist
8.47,6.51,6.79,5.54,3.83,7.57,6.11,7.37,7.71,6.37,Marine Biologist
5.84,7.91,4.35,7.13,5.65,7.28,4.04,6.68,7.02,5.29,Marine Biologist
8.07,8.23,5.29,7.92,3.64,4.96,6.08,4.18,5.8,7.73,Marine Biologist
8.53,5.39,6.21,4.58,5.49,5.62,4.53,5.01,6.27,5.49,Marine Biologist
7.88,6.56,6.53,5.95,5.03,4.7,7.87,7.1,5.4,5.22,Marine Biologist
7.7,6.66,4.86,7.16,5.36,6.94,6.3,5.07,6.45,7.44,Marine Biologist
5.4,8.6,5.66,7.6,3.7,6.58,6.38,5.16,5.33,5.85,Marine Biologist
5.96,8.91,5.28,7.09,4.43,7.14,7.81,6.96,8.61,4.75,Marine Biologist
6.31,7.6,5.36,6.3,4.74,5.01,7.63,5.01,7.96,4.45,Marine Biologist
7.1,7.19,7.17,6.58,5.98,7.53,4.67,5.85,6.08,7.87,Biochemist
5.64,6.59,5.4,6.08,3.39,6.57,5.14,4.98,7.78,4.92,Biochemist
5.56,5.14,7.32,7.0,5.34,5.24,4.59,5.28,7.32,5.62,Biochemist
5.29,7.93,7.17,4.94,3.81,7.15,7.8,7.49,8.34,6.84,Biochemist
5.62,7.13,4.77,4.83,4.08,6.19,4.44,5.71,6.61,4.34,Biochemist
7.58,8.39,4.32,6.85,3.54,4.1,7.12,5.23,7.04,4.91,Biochemist
7.57,5.71,5.87,6.7,5.81,5.19,4.16,7.66,7.49,6.38,Biochemist
7.53,5.7,7.72,5.35,5.97,6.58,7.21,5.14,8.49,4.37,Biochemist
6.72,6.79,4.42,7.5,4.71,7.2,7.0,7.81,5.92,4.46,Biochemist
8.1,6.56,6.22,7.01,4.07,6.63,5.36,5.99,8.03,5.2,Biochemist
7.7,6.49,6.65,7.71,5.63,7.43,7.59,4.48,8.07,5.07,Professor
6.85,7.55,4.73,4.81,4.47,7.01,5.47,4.7,5.03,6.57,Professor
5.06,5.09,7.97,7.04,5.77,6.88,7.7,6.57,6.65,4.59,Professor
6.63,8.86,4.66,7.51,3.47,6.07,6.42,4.18,7.49,6.48,Professor
5.33,7.09,6.57,5.91,4.46,5.37,7.34,7.7,7.72,5.97,Professor
7.71,6.16,4.73,7.07,4.14,7.11,6.51,7.6,7.46,6.95,Professor
8.5,8.99,7.67,6.1,4.47,4.41,5.47,7.41,6.27,7.0,Professor
7.68,5.75,6.13,6.67,3.07,6.34,5.73,4.1,5.31,7.96,Professor
7.49,7.97,5.43,7.74,3.29,6.85,5.91,7.94,6.35,7.13,Professor
8.95,7.64,5.37,5.78,5.56,7.18,5.83,4.6,6.46,6.41,Professor
5.28,6.55,6.46,7.09,5.47,6.47,4.4,6.73,7.15,6.81,School Teacher
5.23,7.27,7.4,4.82,5.57,5.47,4.57,7.82,6.47,4.14,School Teacher
5.56,8.76,4.85,5.68,5.41,7.55,7.97,4.77,5.29,5.4,School Teacher
7.23,8.37,4.8,5.82,5.29,5.8,4.0,6.95,6.19,7.66,School Teacher
5.94,6.38,4.07,5.29,4.28,5.45,6.02,5.24,5.25,6.98,School Teacher
7.3,6.58,5.6,4.69,3.8,7.86,7.78,5.88,8.98,5.14,School Teacher
5.3,8.6,6.96,7.42,4.96,4.23,5.25,4.66,7.91,7.72,School Teacher
8.01,6.54,5.42,7.2,4.98,7.35,7.51,4.91,6.4,5.15,School Teacher
6.24,8.13,4.54,4.77,4.8,5.77,5.22,7.26,7.95,5.23,School Teacher
6.18,8.52,7.72,6.21,3.91,4.82,6.86,6.49,6.11,4.27,School Teacher
5.84,5.75,5.46,4.44,4.37,4.78,4.55,5.18,7.04,4.24,Archaeologist
7.66,8.74,7.38,5.91,4.25,6.37,4.79,5.26,5.09,7.14,Archaeologist
7.86,8.3,5.58,4.76,5.32,6.62,4.15,4.12,7.22,4.15,Archaeologist
5.4,7.62,7.93,4.53,4.9,7.42,5.7,5.06,8.45,5.77,Archaeologist
7.51,7.31,7.8,4.33,5.21,7.54,6.19,5.41,5.58,5.27,Archaeologist
8.6,8.76,5.32,7.24,3.81,7.21,7.67,6.67,6.69,5.09,Archaeologist
8.3,5.19,7.51,5.33,3.97,5.94,4.62,4.12,6.76,7.43,Archaeologist
5.92,7.15,6.17,7.48,5.92,4.77,6.9,4.24,8.94,4.06,Archaeologist
8.44,6.08,5.54,7.73,5.87,6.09,6.31,5.84,5.51,4.41,Archaeologist
5.38,5.81,6.78,5.54,4.85,4.36,7.22,6.79,6.65,6.73,Archaeologist
8.08,8.76,6.33,7.85,3.45,5.01,7.11,5.04,6.96,7.57,Historian
6.01,7.75,7.45,7.31,3.21,5.77,5.9,7.48,8.96,7.4,Historian
7.34,5.31,5.34,5.6,4.11,6.25,4.32,7.94,7.71,4.87,Historian
8.05,7.83,4.09,5.35,4.8,4.5,4.84,7.85,8.5,4.3,Historian
6.75,6.11,5.26,6.74,3.7,4.89,6.7,7.61,5.5,6.99,Historian
6.24,7.82,5.18,6.88,3.08,4.42,5.19,6.75,8.75,6.64,Historian
8.05,7.39,6.22,6.11,3.55,4.86,4.27,7.27,5.36,7.21,Historian
7.87,5.83,4.37,7.73,3.51,4.14,7.25,5.39,8.24,7.03,Historian
5.17,8.5,4.49,7.47,4.92,5.89,5.94,5.64,7.38,6.92,Historian
8.24,8.77,4.18,5.28,4.17,6.52,6.53,6.67,7.14,7.38,Historian
7.07,6.06,4.14,6.32,5.23,4.71,7.96,4.54,7.07,5.52,Geologist
5.92,6.29,7.22,4.62,3.45,7.15,6.41,7.39,7.29,4.27,Geologist
8.7,5.47,4.56,4.97,3.17,6.26,5.74,5.58,7.75,6.18,Geologist
6.91,5.24,7.92,7.71,4.99,6.57,5.16,6.93,8.94,6.47,Geologist
8.12,5.24,6.56,7.1,4.58,4.67,5.29,4.15,7.45,6.13,Geologist
6.81,7.95,4.99,4.69,5.09,7.78,4.13,7.67,7.7,4.79,Geologist
8.79,8.18,7.94,7.52,4.87,7.98,7.85,4.57,7.06,5.8,Geologist
7.49,6.53,6.28,7.46,3.66,5.53,6.52,4.45,8.31,6.97,Geologist
7.58,7.71,5.41,6.03,5.4,7.25,6.02,4.61,8.14,4.92,Geologist
8.72,7.17,6.93,7.96,5.25,4.36,5.29,6.41,6.6,7.25,Geologist
7.96,5.87,5.08,4.58,5.7,8.78,6.19,5.54,9.25,5.06,Mathematician
7.52,7.87,4.49,4.96,4.59,9.49,5.27,5.53,9.37,6.8,Mathematician
7.89,6.87,4.71,7.82,4.0,8.84,7.77,6.63,9.51,6.87,Mathematician
5.02,7.02,7.43,4.59,4.73,9.56,6.03,7.57,9.76,6.75,Mathematician
6.79,5.09,7.22,4.18,5.05,9.45,5.88,7.34,8.52,4.96,Mathematician
7.41,8.91,7.34,5.55,5.74,9.37,7.49,4.55,9.88,5.46,Mathematician
5.85,7.61,5.02,5.84,4.92,9.89,6.67,7.93,8.12,6.1,Mathematician
7.35,7.49,5.82,7.61,3.2,8.9,6.6,5.91,9.59,5.8,Mathematician
7.01,5.89,6.86,4.39,4.22,8.54,5.15,5.38,8.05,6.05,Mathematician
7.97,8.43,7.92,4.64,4.42,9.43,7.68,5.26,9.44,7.97,Mathematician
8.43,6.52,7.63,5.31,3.35,7.92,6.51,4.1,8.66,4.29,Sociologist
5.19,6.61,7.65,6.19,3.53,5.82,7.13,6.98,5.26,6.79,Sociologist
5.42,7.61,6.0,4.37,3.5,5.97,5.77,7.07,6.43,6.83,Sociologist
8.32,7.98,7.34,7.72,4.15,4.64,6.02,4.79,8.36,5.8,Sociologist
7.6,5.62,6.79,5.89,5.4,7.84,6.61,5.17,7.95,7.09,Sociologist
8.14,6.71,6.88,4.76,5.13,5.75,7.84,6.32,8.48,5.85,Sociologist
8.1,5.96,7.53,4.46,5.11,4.97,4.82,5.79,7.72,6.72,Sociologist
8.78,7.95,5.93,5.77,5.76,6.14,4.54,7.15,6.83,6.8,Sociologist
6.15,7.94,7.93,5.74,4.49,7.48,6.95,6.95,8.21,7.47,Sociologist
8.58,6.46,7.74,4.36,3.08,4.57,7.57,6.01,6.05,6.59,Sociologist
5.93,5.8,7.72,7.42,5.37,6.48,6.52,6.0,8.66,7.45,Environmental Scientist
5.77,5.38,5.93,7.33,3.43,7.28,4.85,4.2,7.68,5.56,Environmental Scientist
7.83,8.76,6.28,4.32,4.65,5.42,5.78,4.63,6.32,5.96,Environmental Scientist
6.32,5.86,6.11,7.13,4.12,5.97,4.72,6.65,6.74,5.21,Environmental Scientist
8.48,5.07,6.27,7.96,4.58,4.2,5.75,5.02,6.92,6.12,Environmental Scientist
8.32,5.76,5.64,4.35,4.26,4.89,5.59,5.11,5.52,4.82,Environmental Scientist
6.04,8.02,5.9,4.98,5.29,4.49,7.09,6.57,6.77,6.53,Environmental Scientist
6.77,5.82,5.8,4.86,4.53,4.66,7.28,5.5,5.45,7.61,Environmental Scientist
5.61,8.37,6.67,5.09,3.88,6.17,6.17,7.44,5.32,7.02,Environmental Scientist
6.0,7.22,4.63,7.37,5.54,7.8,6.94,7.56,7.72,7.69,Environmental Scientist
7.84,6.03,6.74,6.44,3.61,6.57,5.16,7.37,8.64,5.32,Forensic Scientist
8.86,8.81,4.54,5.18,5.15,7.51,5.11,6.59,7.53,7.99,Forensic Scientist
5.68,6.42,5.81,7.38,3.77,4.4,4.27,6.14,6.23,7.31,Forensic Scientist
5.33,8.99,7.54,7.26,3.39,4.42,4.72,7.26,7.02,6.83,Forensic Scientist
8.52,6.65,4.83,7.87,5.04,6.0,5.42,4.49,5.15,7.41,Forensic Scientist
7.43,8.03,5.15,7.37,4.06,7.22,6.21,7.23,8.59,6.14,Forensic Scientist
8.08,6.91,4.01,6.12,3.9,7.97,6.77,4.33,8.61,5.28,Forensic Scientist
6.62,6.68,6.93,7.88,5.92,5.77,5.24,5.96,7.07,5.11,Forensic Scientist
7.53,8.44,4.37,5.8,3.33,6.8,4.07,6.15,6.82,5.6,Forensic Scientist
5.31,5.49,5.17,7.06,3.4,7.94,7.31,6.02,8.7,7.37,Forensic Scientist
8.03,7.51,6.17,6.51,3.88,7.37,7.24,5.51,5.58,4.38,Librarian
7.58,7.46,5.44,4.39,5.63,5.51,7.13,7.72,6.24,5.7,Librarian
7.99,8.34,6.5,6.61,5.42,4.31,4.11,5.52,8.74,5.29,Librarian
7.37,6.28,4.82,5.04,5.76,7.39,7.16,5.13,7.5,5.2,Librarian
7.36,5.99,7.52,4.86,4.31,7.66,7.82,5.15,6.29,7.29,Librarian
5.98,7.5,5.27,7.98,5.51,6.56,7.1,4.49,5.19,6.78,Librarian
5.03,7.73,7.93,4.6,5.15,7.52,7.75,6.31,7.77,4.06,Librarian
6.29,8.32,6.61,6.23,4.15,6.07,7.7,5.18,6.52,7.26,Librarian
5.27,8.67,7.56,4.77,3.21,6.85,5.09,6.26,6.23,4.26,Librarian
7.77,8.81,7.76,6.72,4.31,5.35,5.09,7.0,6.58,7.13,Librarian
7.84,6.79,6.54,6.2,4.05,4.18,6.03,4.77,8.52,7.87,Education Consultant
6.22,5.22,4.9,4.23,3.95,7.75,7.63,5.3,6.15,5.66,Education Consultant
8.56,6.39,4.16,7.7,4.35,7.72,4.11,6.95,6.6,5.93,Education Consultant
7.08,7.19,7.85,7.8,4.9,7.03,4.34,7.51,5.07,6.99,Education Consultant
8.37,8.76,6.71,5.25,3.7,5.3,7.44,5.19,8.11,7.57,Education Consultant
7.17,5.49,5.86,5.09,4.26,4.34,5.47,5.05,6.36,6.89,Education Consultant
6.48,7.03,5.77,5.79,5.23,4.2,5.4,4.53,7.22,7.55,Education Consultant
6.54,5.37,4.97,7.96,4.32,7.15,4.62,5.2,7.99,5.73,Education Consultant
8.55,6.89,6.45,6.92,3.43,5.3,5.63,6.73,7.61,5.88,Education Consultant
7.56,8.17,4.3,5.79,4.09,6.46,7.67,6.1,5.15,5.19,Education Consultant
7.83,5.9,6.82,6.67,3.0,5.68,7.78,4.6,6.7,7.34,Geneticist
7.59,5.46,7.86,6.86,3.2,4.74,7.16,7.45,5.64,4.52,Geneticist
5.61,5.84,4.4,7.34,5.62,6.22,6.73,5.38,8.95,6.02,Geneticist
8.76,7.73,4.27,6.23,4.88,4.88,7.29,6.25,6.66,7.24,Geneticist
5.73,9.0,7.4,6.93,5.57,4.75,4.71,7.5,5.93,4.96,Geneticist
8.8,5.78,7.3,6.93,3.55,4.03,4.02,7.15,8.08,7.05,Geneticist
8.47,7.95,4.25,6.68,5.51,7.74,4.33,6.76,8.38,5.66,Geneticist
5.09,6.62,5.38,5.17,3.75,7.09,7.5,6.35,6.37,7.0,Geneticist
8.12,7.19,6.14,5.44,4.05,7.32,5.53,4.31,7.18,6.86,Geneticist
7.19,6.76,5.0,6.61,3.07,5.62,4.55,7.15,7.12,5.82,Geneticist
8.48,5.97,7.12,5.48,5.8,5.55,4.8,7.35,8.77,4.79,Chef
6.65,7.06,5.17,4.53,5.51,6.53,5.57,7.79,6.44,6.94,Chef
7.46,8.37,4.57,5.64,4.44,7.54,6.63,6.96,5.63,6.31,Chef
6.93,7.39,7.51,7.96,3.65,4.31,7.7,4.97,5.85,5.5,Chef
7.65,6.34,5.2,4.48,3.44,4.17,6.96,7.32,5.43,4.24,Chef
5.67,5.59,4.07,6.03,5.58,5.54,4.84,7.5,5.78,6.14,Chef
6.14,7.93,5.75,5.31,3.81,5.3,4.66,7.04,6.08,6.8,Chef
5.43,6.33,5.32,4.34,3.69,4.57,7.47,7.66,7.83,7.95,Chef
8.79,8.57,5.2,5.63,5.5,6.44,5.64,7.88,6.03,7.63,Chef
6.98,7.71,4.21,7.87,4.18,5.07,5.03,6.24,6.12,7.16,Chef
7.83,6.21,6.64,4.07,5.64,6.29,4.69,5.98,5.96,4.21,Pilot
5.41,8.01,6.86,6.34,3.27,5.03,4.3,6.9,6.1,6.61,Pilot
8.07,5.48,6.32,7.02,4.5,6.66,6.22,4.06,8.92,4.08,Pilot
7.89,8.85,7.09,4.48,5.8,4.55,6.26,6.57,8.72,4.15,Pilot
8.77,5.4,4.32,7.0,4.32,6.3,5.08,5.7,5.96,4.16,Pilot
8.65,5.68,5.64,7.79,5.55,7.15,5.62,4.54,8.68,7.54,Pilot
6.89,8.63,5.03,7.26,5.09,6.56,7.62,6.66,6.63,4.53,Pilot
7.02,5.44,6.04,6.41,4.5,4.93,5.06,4.29,7.13,5.75,Pilot
6.67,8.4,5.8,7.65,3.73,5.55,4.88,7.8,5.67,6.13,Pilot
5.08,5.09,4.66,4.32,5.24,4.66,6.67,7.27,7.14,5.91,Pilot
6.46,7.8,7.84,7.02,5.01,5.01,7.57,7.29,5.42,4.4,Flight Attendant
7.52,5.51,7.42,5.88,5.54,7.12,6.27,7.91,7.42,6.09,Flight Attendant
6.01,5.98,6.9,6.82,4.98,5.08,7.25,7.0,8.4,5.23,Flight Attendant
8.86,6.21,6.44,6.79,5.71,6.38,7.62,7.51,8.92,5.21,Flight Attendant
5.81,5.51,4.84,7.4,4.39,6.09,5.29,5.14,7.13,6.6,Flight Attendant
5.06,8.01,5.78,7.6,5.04,6.64,5.83,7.83,7.06,5.23,Flight Attendant
7.73,8.73,5.56,4.13,3.33,4.07,5.95,6.17,8.64,6.69,Flight Attendant
7.48,6.45,4.38,7.58,4.82,7.87,5.35,5.07,6.07,6.05,Flight Attendant
5.42,6.64,4.69,7.27,3.23,6.97,7.55,4.96,5.23,6.63,Flight Attendant
7.87,6.15,6.11,5.32,5.52,4.36,5.66,4.02,8.3,6.04,Flight Attendant
7.77,5.92,4.79,6.03,4.75,5.61,4.42,7.58,7.45,4.69,Police Officer
6.42,7.45,6.51,5.31,4.74,4.64,7.43,4.48,8.2,4.31,Police Officer
8.58,6.03,7.21,6.89,4.36,6.56,6.86,6.71,5.04,4.85,Police Officer
6.44,7.22,7.56,5.09,5.17,7.29,4.79,5.49,8.08,7.61,Police Officer
5.15,7.78,4.92,4.53,3.66,7.3,4.52,5.03,5.74,5.49,Police Officer
5.58,7.82,6.33,5.59,4.95,5.3,5.36,5.52,7.99,4.07,Police Officer
7.91,6.68,4.69,5.28,3.65,7.75,5.64,7.24,8.59,6.59,Police Officer
8.43,6.45,6.82,5.35,5.9,4.58,6.13,5.43,7.24,6.73,Police Officer
6.23,7.78,5.87,5.0,5.81,6.06,7.67,6.58,8.62,7.89,Police Officer
5.85,5.16,6.38,5.25,4.65,6.36,6.25,6.19,6.32,6.59,Police Officer
7.5,7.35,6.47,4.06,3.94,7.1,4.94,6.97,7.06,7.1,Army Officer
6.16,6.61,5.24,5.02,5.08,6.04,4.89,5.54,7.09,6.14,Army Officer
5.03,5.44,6.38,4.18,4.52,5.32,7.7,7.65,6.33,4.91,Army Officer
5.99,7.71,7.25,7.42,5.62,7.42,7.05,4.61,7.46,7.14,Army Officer
7.84,7.71,5.76,4.3,5.76,5.18,7.11,7.93,8.84,4.44,Army Officer
5.75,8.17,5.62,5.4,3.65,7.93,5.98,7.26,8.02,6.23,Army Officer
5.48,8.71,4.17,5.93,5.68,5.71,6.62,4.8,8.68,4.75,Army Officer
6.28,8.68,7.79,6.62,3.82,7.43,5.52,4.59,7.29,7.85,Army Officer
8.7,6.18,6.4,5.7,5.76,4.35,7.23,6.8,5.52,5.63,Army Officer
8.17,7.66,6.58,6.97,5.83,7.67,5.88,4.66,5.01,6.7,Army Officer
8.3,7.18,4.22,7.21,5.13,4.2,4.95,7.4,5.5,6.03,Social Worker
8.62,6.82,7.37,5.28,4.86,5.74,4.7,6.89,7.98,5.55,Social Worker
8.68,6.45,6.31,4.91,3.77,4.04,7.17,4.85,5.38,6.6,Social Worker
7.8,6.01,5.04,6.36,4.06,4.62,6.03,7.26,8.94,4.66,Social Worker
6.07,7.08,6.12,7.12,3.86,5.63,4.11,6.31,6.1,5.23,Social Worker
7.55,7.91,6.96,6.33,3.63,4.34,4.51,6.55,8.16,6.32,Social Worker
6.51,5.84,7.68,7.4,3.99,6.04,5.71,5.15,8.87,4.66,Social Worker
8.05,6.02,4.93,4.59,5.68,6.11,4.75,5.31,7.5,6.82,Social Worker
8.35,8.14,6.09,7.08,5.82,7.63,4.49,5.88,5.77,5.79,Social Worker
7.08,5.76,7.45,4.08,3.29,4.53,5.7,6.02,8.44,5.56,Social Worker
7.33,6.67,6.69,7.0,3.86,6.06,7.49,6.2,8.2,4.62,Event Planner
6.2,6.12,5.94,4.88,3.84,6.79,5.79,6.58,6.22,4.78,Event Planner
6.68,8.81,7.23,4.48,4.87,5.54,4.37,7.83,7.9,5.69,Event Planner
5.14,8.82,7.82,6.2,5.82,6.19,4.84,5.74,7.27,5.23,Event Planner
5.01,6.72,4.4,5.6,3.58,5.11,6.13,7.65,6.27,5.7,Event Planner
6.59,7.16,5.79,7.66,4.58,6.68,6.6,5.87,6.36,4.33,Event Planner
5.04,6.43,4.96,7.97,3.65,6.92,4.51,6.21,7.95,5.28,Event Planner
5.13,6.43,4.98,4.61,4.91,4.95,4.92,4.71,7.87,4.03,Event Planner
8.59,5.12,4.24,4.18,5.68,5.77,4.03,6.88,8.95,6.34,Event Planner
7.63,6.18,5.98,5.37,4.63,6.11,4.62,7.52,6.18,7.28,Event Planner
8.01,5.34,7.71,5.2,5.97,4.89,7.99,4.82,6.22,7.61,Travel Guide
6.57,7.04,7.67,6.25,4.45,7.58,4.83,4.47,7.36,7.07,Travel Guide
5.03,6.7,5.0,4.05,4.82,7.57,4.82,6.98,7.64,6.32,Travel Guide
7.53,6.21,7.23,7.67,5.7,7.99,6.25,6.57,8.53,5.4,Travel Guide
5.9,5.22,5.55,4.7,4.86,4.7,6.75,6.94,7.88,6.25,Travel Guide
5.07,8.82,5.72,7.92,5.44,6.95,7.06,5.48,5.13,4.45,Travel Guide
8.38,5.84,5.53,4.83,4.8,5.56,7.43,7.25,8.07,4.86,Travel Guide
8.38,5.73,4.27,4.6,3.21,5.19,6.65,4.79,8.03,4.99,Travel Guide
8.57,5.04,7.38,5.22,4.65,4.86,7.46,5.3,7.41,5.23,Travel Guide
7.43,6.7,5.19,5.13,5.45,6.33,5.49,5.54,5.75,7.77,Travel Guide
7.28,7.76,7.3,5.26,5.23,5.02,5.22,4.23,5.23,6.22,Fitness Trainer
6.4,5.75,7.56,6.48,4.51,7.14,7.2,6.46,8.84,7.15,Fitness Trainer
8.97,5.77,6.39,4.73,5.29,6.73,7.72,4.62,5.47,4.47,Fitness Trainer
6.78,8.34,4.4,6.59,3.1,4.51,7.56,4.73,7.48,7.23,Fitness Trainer
7.94,5.39,6.69,5.12,3.74,5.54,4.28,6.58,6.56,4.58,Fitness Trainer
5.3,8.6,5.74,5.11,4.84,7.49,7.31,5.51,5.54,4.62,Fitness Trainer
6.7,8.78,7.62,5.33,5.85,7.73,5.19,6.11,6.35,4.73,Fitness Trainer
8.87,8.17,6.56,7.69,5.9,4.82,6.55,6.49,7.18,4.53,Fitness Trainer
5.76,5.38,6.23,6.87,5.04,5.28,6.33,4.04,7.92,6.74,Fitness Trainer
8.27,5.85,7.92,4.11,5.28,4.72,4.52,7.78,8.06,5.43,Fitness Trainer
7.75,6.08,6.13,5.65,3.59,4.45,4.2,6.53,6.86,5.26,Firefighter
5.9,6.61,4.1,5.02,5.36,7.55,7.44,4.38,8.64,5.33,Firefighter
7.83,6.56,5.33,7.26,4.98,7.05,7.68,5.51,6.21,7.65,Firefighter
8.76,7.23,7.32,6.65,3.16,7.41,4.12,5.25,8.51,7.33,Firefighter
5.88,7.78,6.37,6.78,5.42,4.13,7.41,5.08,7.0,5.02,Firefighter
7.8,6.3,7.28,7.01,5.99,6.6,5.86,5.52,7.72,7.32,Firefighter
5.67,8.96,7.9,4.66,4.7,6.03,5.06,7.07,7.95,4.3,Firefighter
5.34,7.38,4.16,7.8,4.16,6.59,4.26,7.73,7.41,5.96,Firefighter
5.14,7.51,5.27,6.15,5.59,6.94,7.63,5.51,6.17,6.16,Firefighter
5.34,7.9,6.03,4.04,4.75,6.12,6.33,5.74,8.49,6.01,Firefighter
6.75,6.73,5.77,7.96,4.08,4.46,7.12,6.57,8.14,5.06,Detective
6.73,7.72,4.04,7.19,4.03,7.6,6.03,7.11,5.23,6.43,Detective
8.8,7.55,5.34,4.86,5.68,5.82,5.33,5.43,8.77,4.93,Detective
5.41,8.71,4.33,7.57,4.96,4.01,5.52,7.66,6.8,7.1,Detective
8.53,6.76,5.58,6.7,3.56,7.77,4.46,7.43,6.22,6.26,Detective
7.58,6.93,6.58,5.85,3.39,4.15,7.96,5.74,6.37,4.26,Detective
8.33,5.45,4.03,6.81,3.4,4.07,5.25,6.12,8.33,5.48,Detective
8.98,8.26,6.19,5.71,5.89,6.13,4.32,4.38,7.48,6.08,Detective
5.87,5.48,7.42,7.29,4.46,4.7,7.19,4.82,6.01,4.37,Detective
5.79,5.56,5.99,5.96,5.14,5.2,4.47,5.33,6.37,6.31,Detective
7.96,8.49,5.61,5.78,5.78,5.82,7.96,7.74,7.42,6.23,Diplomat
6.88,7.83,7.76,4.64,4.85,6.81,7.35,6.78,6.61,6.6,Diplomat
7.82,8.36,5.82,7.86,3.02,4.81,7.15,7.55,5.1,5.1,Diplomat
5.26,7.72,4.51,4.39,5.0,6.07,4.67,5.54,8.67,5.87,Diplomat
7.47,6.16,7.19,4.14,4.64,6.29,5.68,5.49,8.31,5.79,Diplomat
7.56,6.1,4.77,7.48,3.3,4.08,5.08,7.94,6.33,5.67,Diplomat
7.16,8.44,4.33,5.01,4.73,4.85,6.18,7.74,7.21,4.0,Diplomat
6.25,7.77,7.7,7.98,4.87,5.36,6.03,5.83,8.94,6.3,Diplomat
8.69,7.0,5.15,6.69,5.19,7.33,5.82,4.51,6.53,5.97,Diplomat
5.46,5.36,7.42,7.07,5.39,7.03,6.82,7.6,6.92,6.23,Diplomat
5.43,6.22,7.44,6.15,5.84,7.74,6.5,5.08,5.58,6.38,Politician
6.69,6.44,4.59,5.41,4.85,7.02,7.99,7.28,7.88,4.18,Politician
7.31,7.05,5.47,6.31,3.57,6.8,7.35,6.34,6.7,5.88,Politician
8.79,5.14,7.66,4.74,3.39,6.02,6.06,6.1,7.27,7.34,Politician
5.75,7.39,7.35,7.37,4.0,6.47,4.62,4.3,6.52,6.87,Politician
7.01,5.77,6.74,7.21,3.13,5.39,6.46,5.56,7.2,4.16,Politician
5.67,6.71,6.92,5.4,5.59,7.3,5.38,6.25,7.09,6.41,Politician
6.8,7.98,5.64,4.25,4.37,6.64,6.15,6.42,5.32,5.72,Politician
6.7,7.14,6.03,5.67,3.76,5.43,5.74,6.28,8.57,5.55,Politician
6.81,8.19,4.97,6.12,4.85,4.61,7.71,6.66,8.15,4.75,Politician
6.16,6.04,5.21,4.88,5.49,6.54,4.32,7.51,8.75,5.74,Farmer
5.07,6.42,6.3,5.74,3.4,5.79,5.8,7.21,6.63,4.42,Farmer
7.74,7.09,5.23,6.82,4.22,4.42,4.98,4.69,6.54,6.78,Farmer
8.76,8.32,6.54,5.56,4.01,4.4,4.98,6.21,5.23,7.8,Farmer
6.4,7.59,5.61,6.39,3.94,5.96,5.22,7.75,5.92,5.5,Farmer
8.31,5.47,5.06,7.34,4.3,5.8,5.21,4.12,5.63,5.99,Farmer
6.83,6.02,5.27,4.09,5.86,7.72,6.65,7.46,5.0,6.44,Farmer
8.38,5.16,5.17,4.58,3.95,4.74,5.18,5.98,6.88,4.47,Farmer
6.92,8.23,7.48,5.67,5.68,7.45,4.83,6.57,6.39,6.82,Farmer
6.34,8.09,7.61,5.96,4.77,4.33,5.66,7.49,5.57,5.79,Farmer
6.58,8.58,4.69,4.39,5.27,5.11,5.57,4.82,5.91,7.81,Electrician
6.68,6.13,6.8,7.28,5.44,6.77,5.25,7.82,8.55,4.58,Electrician
7.6,6.24,6.53,6.27,5.01,6.1,5.15,7.72,8.3,5.8,Electrician
8.22,5.8,7.26,4.65,5.96,7.2,6.65,5.06,5.61,4.02,Electrician
6.54,7.34,5.62,6.84,4.31,6.59,4.05,7.37,7.09,5.22,Electrician
6.54,6.5,7.11,4.14,4.89,6.48,4.06,6.79,7.04,5.25,Electrician
6.21,5.62,6.31,4.39,3.66,5.76,6.3,7.05,7.89,6.71,Electrician
8.66,8.77,7.88,7.63,3.95,7.07,5.17,5.91,5.11,7.35,Electrician
5.51,8.55,4.52,5.03,3.54,5.97,4.29,7.07,7.97,6.07,Electrician
6.76,7.88,5.66,7.02,5.58,5.23,5.86,4.8,7.32,5.53,Electrician
5.64,5.23,5.69,7.46,5.51,5.69,7.54,7.02,7.33,5.97,Astronomer
8.02,5.35,6.71,4.35,4.7,4.52,7.46,7.35,6.01,6.37,Astronomer
8.41,8.41,7.17,6.89,4.14,7.57,6.31,7.69,6.45,4.24,Astronomer
8.34,7.64,4.64,7.63,3.44,5.86,8.0,5.6,5.27,4.6,Astronomer
5.62,6.61,4.4,4.59,4.93,7.99,4.5,6.6,7.34,6.45,Astronomer
5.84,5.81,5.84,4.34,4.46,7.5,6.83,4.79,5.24,7.66,Astronomer
6.66,8.62,4.78,5.22,5.08,4.28,5.05,5.33,7.11,6.82,Astronomer
5.9,6.2,6.45,4.13,3.78,5.89,4.45,7.8,6.16,5.33,Astronomer
6.88,8.38,5.33,5.64,5.28,6.84,4.26,5.2,5.82,4.22,Astronomer
5.74,8.77,4.76,7.55,4.58,5.02,5.47,5.39,8.29,4.95,Astronomer
7.24,6.63,5.24,4.9,5.18,7.13,7.69,5.08,6.6,4.26,Wildlife Photographer
7.04,7.89,6.4,6.83,3.76,4.29,4.65,4.02,6.02,7.72,Wildlife Photographer
7.34,8.23,7.1,7.78,5.23,4.43,4.15,7.19,7.76,6.3,Wildlife Photographer
6.73,6.22,7.85,7.88,4.84,7.16,7.31,4.98,5.34,6.31,Wildlife Photographer
6.84,6.71,5.37,6.43,4.05,7.17,4.32,5.61,6.08,4.05,Wildlife Photographer
7.93,7.66,6.36,7.84,4.95,7.66,4.45,6.27,7.63,4.38,Wildlife Photographer
5.07,5.77,7.06,6.7,5.58,5.67,4.58,6.54,7.54,4.73,Wildlife Photographer
6.12,6.54,4.82,7.15,4.51,4.41,5.43,4.55,6.66,7.37,Wildlife Photographer
7.98,5.46,5.59,4.5,3.68,4.9,4.91,7.04,7.6,5.97,Wildlife Photographer
6.26,7.23,7.8,7.09,4.18,6.3,7.73,6.81,8.3,5.88,Wildlife Photographer
5.01,8.28,6.18,4.03,3.18,9.39,5.31,7.34,8.26,7.31,Sound Engineer
7.61,7.61,5.96,5.62,4.94,8.52,7.6,5.45,8.54,6.15,Sound Engineer
6.62,5.17,6.64,6.12,4.33,9.17,6.25,6.64,8.69,7.32,Sound Engineer
6.49,5.08,5.46,6.87,4.79,9.18,4.76,4.34,8.48,4.37,Sound Engineer
5.9,5.29,6.86,5.19,5.46,9.89,6.15,6.86,9.18,6.2,Sound Engineer
6.88,6.78,6.86,6.18,4.39,8.95,5.33,7.92,9.38,6.71,Sound Engineer
7.65,6.32,5.25,6.21,5.79,9.37,4.8,4.75,8.42,4.42,Sound Engineer
7.07,6.03,6.77,7.0,3.37,8.83,5.73,4.69,9.31,7.29,Sound Engineer
7.85,5.2,7.85,6.59,4.32,8.96,6.92,5.95,9.88,7.53,Sound Engineer
6.93,5.49,5.71,6.48,5.44,9.18,4.14,7.47,8.43,4.16,Sound Engineer
6.34,5.18,7.29,5.55,5.71,5.8,4.66,5.11,8.66,7.25,Translator
8.59,5.57,5.27,6.41,5.23,7.98,6.88,4.7,5.39,6.81,Translator
6.63,6.52,7.35,4.03,3.58,7.79,5.26,4.19,6.62,4.29,Translator
8.58,8.26,7.39,7.71,4.69,4.21,4.69,6.15,5.27,7.4,Translator
7.01,7.33,7.79,5.85,5.29,5.23,7.28,4.21,7.19,4.0,Translator
6.68,6.41,6.48,5.74,5.45,7.79,6.01,4.19,6.28,7.42,Translator
6.58,6.82,6.38,4.68,3.09,4.33,5.11,6.61,7.16,5.1,Translator
7.79,8.72,4.69,4.36,3.01,6.35,4.96,6.26,8.83,4.62,Translator
5.9,7.76,4.56,4.79,3.94,5.0,7.35,5.1,6.12,6.91,Translator
8.96,6.7,4.16,6.22,5.71,5.59,5.98,5.95,7.79,7.43,Translator
5.98,7.32,5.43,7.25,4.13,5.52,6.55,4.11,6.82,6.13,Athlete
8.93,8.11,5.91,7.24,4.27,5.94,6.34,7.65,7.19,4.61,Athlete
5.19,7.03,6.59,6.75,3.69,5.77,7.62,4.21,5.48,4.05,Athlete
5.35,7.84,6.43,7.16,5.01,4.92,5.85,7.64,5.0,7.44,Athlete
8.6,5.37,5.3,5.43,3.23,6.68,6.49,6.49,5.82,5.03,Athlete
6.49,7.08,6.33,5.14,3.23,6.53,7.48,6.64,5.83,4.03,Athlete
7.69,8.0,5.02,5.68,4.69,4.56,5.11,4.89,8.5,7.98,Athlete
5.1,7.82,7.18,7.53,3.34,4.52,5.96,6.03,5.28,4.15,Athlete
6.71,5.88,4.58,6.52,5.82,4.95,5.38,4.21,5.47,4.88,Athlete
7.4,6.3,4.37,6.84,5.55,5.42,7.44,5.78,6.85,6.62,Athlete
5.42,6.24,5.85,6.77,4.8,6.95,7.37,7.8,5.65,4.4,Yoga Instructor
7.69,5.98,7.57,4.18,4.34,5.29,6.31,6.63,7.59,6.28,Yoga Instructor
7.41,5.9,5.58,4.49,3.22,5.79,6.63,7.19,5.23,4.38,Yoga Instructor
5.69,7.93,7.5,6.05,3.85,6.13,6.09,4.97,8.86,5.41,Yoga Instructor
7.83,8.72,5.81,5.66,5.65,6.89,5.09,6.27,8.05,5.73,Yoga Instructor
6.65,7.03,7.51,7.57,3.19,5.98,4.07,4.74,7.84,4.55,Yoga Instructor
5.64,8.93,5.61,7.35,3.63,4.02,5.47,5.81,8.45,6.7,Yoga Instructor
5.4,8.89,5.18,6.68,4.29,4.62,5.59,7.68,7.16,4.8,Yoga Instructor
8.36,7.91,6.61,6.49,5.06,5.97,5.37,5.59,7.17,7.89,Yoga Instructor
5.57,8.62,6.29,5.3,5.56,5.36,5.3,5.7,7.47,4.22,Yoga Instructor
5.5,7.12,6.38,5.65,4.09,7.95,6.36,5.42,7.26,4.62,Blogger
8.96,5.23,5.98,6.88,3.07,7.36,7.75,6.34,6.33,7.36,Blogger
5.19,5.32,4.98,4.24,4.0,4.68,4.55,6.76,8.7,7.94,Blogger
5.22,8.43,5.07,7.88,4.46,7.61,6.37,5.53,5.89,6.68,Blogger
6.58,8.59,6.7,5.39,4.81,4.01,4.5,4.08,5.71,4.79,Blogger
6.77,7.98,5.78,7.2,5.41,7.01,6.03,6.98,5.18,5.84,Blogger
5.14,5.21,7.51,5.55,4.86,5.21,4.56,7.05,8.61,5.67,Blogger
6.76,5.48,4.18,5.5,5.95,6.02,7.86,6.98,7.43,7.29,Blogger
5.69,7.0,4.34,4.19,4.61,7.37,5.91,6.26,8.54,5.9,Blogger
8.35,7.49,4.42,5.08,3.9,7.35,6.08,4.82,6.68,6.51,Blogger
6.63,7.48,7.06,5.39,5.35,5.19,6.74,6.63,7.83,5.82,Nanny
7.97,8.63,7.51,5.51,5.81,5.41,6.58,4.89,8.83,6.4,Nanny
5.31,6.61,5.51,4.3,5.96,5.28,5.42,7.75,6.55,6.7,Nanny
5.1,6.66,7.24,6.08,4.57,7.74,6.12,6.01,8.08,7.08,Nanny
6.57,5.82,5.83,7.66,3.45,5.46,6.12,5.36,7.45,7.99,Nanny
6.08,6.12,4.93,6.61,5.73,7.4,7.51,4.33,7.87,6.51,Nanny
6.0,7.58,5.76,7.17,5.56,4.1,7.27,5.07,5.01,5.57,Nanny
5.14,7.01,5.04,7.19,3.57,7.63,4.66,5.49,5.82,6.3,Nanny
8.09,5.22,5.32,5.26,4.93,6.32,7.8,7.4,8.86,4.61,Nanny
6.16,6.55,7.95,5.38,3.03,5.46,5.26,7.54,7.32,7.25,Nanny
6.62,7.36,5.36,6.85,5.79,5.78,7.06,4.64,6.76,4.36,Carpenter
5.55,6.85,6.91,5.9,5.3,4.09,4.15,7.47,8.95,7.97,Carpenter
5.09,5.28,4.36,5.82,5.7,7.37,7.71,7.39,8.4,4.57,Carpenter
6.59,6.91,7.2,4.97,5.48,6.66,4.94,7.2,6.61,4.56,Carpenter
5.32,7.66,4.14,7.46,3.65,7.41,5.75,4.8,7.61,4.62,Carpenter
8.48,6.48,5.01,7.0,5.5,6.79,6.61,6.22,5.35,5.66,Carpenter
8.64,8.22,4.96,7.9,3.23,4.46,5.81,5.51,5.39,4.37,Carpenter
6.65,5.5,6.49,4.62,4.78,6.53,6.68,7.51,7.66,7.26,Carpenter
5.35,8.37,7.54,5.74,4.73,4.46,4.87,7.49,8.27,5.91,Carpenter
7.4,6.76,4.22,4.92,3.05,5.9,8.0,5.18,6.43,7.45,Carpenter
7.43,7.59,4.87,7.94,3.47,5.02,6.88,7.56,6.17,5.35,Tailor
8.56,7.4,7.29,7.16,3.13,6.47,7.76,7.53,8.06,6.42,Tailor
8.34,9.0,7.25,5.82,3.61,6.52,4.84,5.55,5.15,4.36,Tailor
5.87,6.3,6.94,5.77,5.18,6.38,5.86,6.65,7.57,4.21,Tailor
8.85,8.88,4.77,4.35,3.82,4.31,5.6,6.49,5.89,5.98,Tailor
8.99,8.08,6.99,7.57,4.52,6.73,5.08,7.12,5.07,5.1,Tailor
6.56,5.41,7.44,5.71,3.56,5.61,5.34,7.87,8.91,5.46,Tailor
6.54,6.62,4.83,5.65,4.15,6.94,6.34,6.35,7.34,5.34,Tailor
5.15,5.81,6.95,5.53,4.84,5.35,5.2,4.62,6.01,6.41,Tailor
7.4,7.28,5.55,5.49,3.09,5.14,5.92,6.47,8.99,4.33,Tailor
